well,Number,BioRep,OD,Strain,Species,Protocol,Batch,Step
A1,1,A,0.33,C0011E4,Gardnerella vaginalis,1,1A1,Overnight 1
B1,1,A,0.334,C0011E4,Gardnerella vaginalis,1,1A1,Overnight 1
C1,1,A,0.332,C0011E4,Gardnerella vaginalis,1,1A1,Overnight 1
D1,1,A,0.333,C0011E4,Gardnerella vaginalis,1,1A1,Overnight 1
E1,1,B,0.204,C0011E4,Gardnerella vaginalis,1,1A1,Overnight 1
F1,1,B,0.203,C0011E4,Gardnerella vaginalis,1,1A1,Overnight 1
G1,1,B,0.203,C0011E4,Gardnerella vaginalis,1,1A1,Overnight 1
H1,1,B,0.2,C0011E4,Gardnerella vaginalis,1,1A1,Overnight 1
A2,2,A,0.231,UM224,Gardnerella swidsinskii,1,1A1,Overnight 1
B2,2,A,0.23,UM224,Gardnerella swidsinskii,1,1A1,Overnight 1
C2,2,A,0.228,UM224,Gardnerella swidsinskii,1,1A1,Overnight 1
D2,2,A,0.219,UM224,Gardnerella swidsinskii,1,1A1,Overnight 1
E2,2,B,0.233,UM224,Gardnerella swidsinskii,1,1A1,Overnight 1
F2,2,B,0.233,UM224,Gardnerella swidsinskii,1,1A1,Overnight 1
G2,2,B,0.233,UM224,Gardnerella swidsinskii,1,1A1,Overnight 1
H2,2,B,0.225,UM224,Gardnerella swidsinskii,1,1A1,Overnight 1
A3,3,A,0.411,14018,Gardnerella vaginalis,1,1A1,Overnight 1
B3,3,A,0.416,14018,Gardnerella vaginalis,1,1A1,Overnight 1
C3,3,A,0.411,14018,Gardnerella vaginalis,1,1A1,Overnight 1
D3,3,A,0.414,14018,Gardnerella vaginalis,1,1A1,Overnight 1
E3,3,B,0.377,14018,Gardnerella vaginalis,1,1A1,Overnight 1
F3,3,B,0.38,14018,Gardnerella vaginalis,1,1A1,Overnight 1
G3,3,B,0.382,14018,Gardnerella vaginalis,1,1A1,Overnight 1
H3,3,B,0.378,14018,Gardnerella vaginalis,1,1A1,Overnight 1
A4,4,A,0.327,C0102A2,Gardnerella swidsinskii,1,1A1,Overnight 1
B4,4,A,0.326,C0102A2,Gardnerella swidsinskii,1,1A1,Overnight 1
C4,4,A,0.324,C0102A2,Gardnerella swidsinskii,1,1A1,Overnight 1
D4,4,A,0.323,C0102A2,Gardnerella swidsinskii,1,1A1,Overnight 1
E4,4,B,0.213,C0102A2,Gardnerella swidsinskii,1,1A1,Overnight 1
F4,4,B,0.232,C0102A2,Gardnerella swidsinskii,1,1A1,Overnight 1
G4,4,B,0.214,C0102A2,Gardnerella swidsinskii,1,1A1,Overnight 1
H4,4,B,0.208,C0102A2,Gardnerella swidsinskii,1,1A1,Overnight 1
A5,5,A,0.148,C0100B2,Gardnerella sp. 10,1,1A1,Overnight 1
B5,5,A,0.148,C0100B2,Gardnerella sp. 10,1,1A1,Overnight 1
C5,5,A,0.146,C0100B2,Gardnerella sp. 10,1,1A1,Overnight 1
D5,5,A,0.147,C0100B2,Gardnerella sp. 10,1,1A1,Overnight 1
E5,5,B,0.119,C0100B2,Gardnerella sp. 10,1,1A1,Overnight 1
F5,5,B,0.122,C0100B2,Gardnerella sp. 10,1,1A1,Overnight 1
G5,5,B,0.122,C0100B2,Gardnerella sp. 10,1,1A1,Overnight 1
H5,5,B,0.122,C0100B2,Gardnerella sp. 10,1,1A1,Overnight 1
A6,6,A,0.264,315-A,Gardnerella vaginalis,1,1A1,Overnight 1
B6,6,A,0.263,315-A,Gardnerella vaginalis,1,1A1,Overnight 1
C6,6,A,0.266,315-A,Gardnerella vaginalis,1,1A1,Overnight 1
D6,6,A,0.263,315-A,Gardnerella vaginalis,1,1A1,Overnight 1
E6,6,B,0.327,315-A,Gardnerella vaginalis,1,1A1,Overnight 1
F6,6,B,0.33,315-A,Gardnerella vaginalis,1,1A1,Overnight 1
G6,6,B,0.338,315-A,Gardnerella vaginalis,1,1A1,Overnight 1
H6,6,B,0.334,315-A,Gardnerella vaginalis,1,1A1,Overnight 1
A7,7,A,0.606,JCP8017B,Gardnerella sp. 3,1,1A1,Overnight 1
B7,7,A,0.611,JCP8017B,Gardnerella sp. 3,1,1A1,Overnight 1
C7,7,A,0.609,JCP8017B,Gardnerella sp. 3,1,1A1,Overnight 1
D7,7,A,0.606,JCP8017B,Gardnerella sp. 3,1,1A1,Overnight 1
E7,7,B,0.535,JCP8017B,Gardnerella sp. 3,1,1A1,Overnight 1
F7,7,B,0.537,JCP8017B,Gardnerella sp. 3,1,1A1,Overnight 1
G7,7,B,0.536,JCP8017B,Gardnerella sp. 3,1,1A1,Overnight 1
H7,7,B,0.53,JCP8017B,Gardnerella sp. 3,1,1A1,Overnight 1
A8,8,A,0.213,JCP8066,Gardnerella piotii,1,1A1,Overnight 1
B8,8,A,0.211,JCP8066,Gardnerella piotii,1,1A1,Overnight 1
C8,8,A,0.213,JCP8066,Gardnerella piotii,1,1A1,Overnight 1
D8,8,A,0.213,JCP8066,Gardnerella piotii,1,1A1,Overnight 1
E8,8,B,0.168,JCP8066,Gardnerella piotii,1,1A1,Overnight 1
F8,8,B,0.17,JCP8066,Gardnerella piotii,1,1A1,Overnight 1
G8,8,B,0.169,JCP8066,Gardnerella piotii,1,1A1,Overnight 1
H8,8,B,0.169,JCP8066,Gardnerella piotii,1,1A1,Overnight 1
A12,Blank,NA,0.086,NA,NA,NA,1A1,Overnight 1
B12,Blank,NA,0.084,NA,NA,NA,1A1,Overnight 1
C12,Blank,NA,0.086,NA,NA,NA,1A1,Overnight 1
D12,Blank,NA,0.086,NA,NA,NA,1A1,Overnight 1
A9,9,A,0.089,CMW7778B,Gardnerella sp. 12,2,2A1,Overnight 1
B9,9,A,0.09,CMW7778B,Gardnerella sp. 12,2,2A1,Overnight 1
C9,9,A,0.093,CMW7778B,Gardnerella sp. 12,2,2A1,Overnight 1
D9,9,A,0.09,CMW7778B,Gardnerella sp. 12,2,2A1,Overnight 1
E9,9,B,0.098,CMW7778B,Gardnerella sp. 12,2,2A1,Overnight 1
F9,9,B,0.098,CMW7778B,Gardnerella sp. 12,2,2A1,Overnight 1
G9,9,B,0.099,CMW7778B,Gardnerella sp. 12,2,2A1,Overnight 1
H9,9,B,0.097,CMW7778B,Gardnerella sp. 12,2,2A1,Overnight 1
A10,10,A,0.235,AMD,Gardnerella leopoldii,2,2A1,Overnight 1
B10,10,A,0.24,AMD,Gardnerella leopoldii,2,2A1,Overnight 1
C10,10,A,0.237,AMD,Gardnerella leopoldii,2,2A1,Overnight 1
D10,10,A,0.232,AMD,Gardnerella leopoldii,2,2A1,Overnight 1
E10,10,B,0.306,AMD,Gardnerella leopoldii,2,2A1,Overnight 1
F10,10,B,0.304,AMD,Gardnerella leopoldii,2,2A1,Overnight 1
G10,10,B,0.307,AMD,Gardnerella leopoldii,2,2A1,Overnight 1
H10,10,B,0.299,AMD,Gardnerella leopoldii,2,2A1,Overnight 1
A11,11,A,0.122,C0096A1,Gardnerella leopoldii,2,2A1,Overnight 1
B11,11,A,0.124,C0096A1,Gardnerella leopoldii,2,2A1,Overnight 1
C11,11,A,0.123,C0096A1,Gardnerella leopoldii,2,2A1,Overnight 1
D11,11,A,0.125,C0096A1,Gardnerella leopoldii,2,2A1,Overnight 1
E11,11,B,0.177,C0096A1,Gardnerella leopoldii,2,2A1,Overnight 1
F11,11,B,0.139,C0096A1,Gardnerella leopoldii,2,2A1,Overnight 1
G11,11,B,0.138,C0096A1,Gardnerella leopoldii,2,2A1,Overnight 1
H11,11,B,0.136,C0096A1,Gardnerella leopoldii,2,2A1,Overnight 1
A12,Blank,NA,0.086,NA,NA,NA,2A1,Overnight 1
B12,Blank,NA,0.084,NA,NA,NA,2A1,Overnight 1
C12,Blank,NA,0.086,NA,NA,NA,2A1,Overnight 1
D12,Blank,NA,0.086,NA,NA,NA,2A1,Overnight 1
A1,1,A,0.223,C0011E4,Gardnerella vaginalis,1,1A2,Overnight 1
B1,1,A,0.225,C0011E4,Gardnerella vaginalis,1,1A2,Overnight 1
C1,1,A,0.228,C0011E4,Gardnerella vaginalis,1,1A2,Overnight 1
D1,1,A,0.227,C0011E4,Gardnerella vaginalis,1,1A2,Overnight 1
E1,1,B,0.21,C0011E4,Gardnerella vaginalis,1,1A2,Overnight 1
F1,1,B,0.209,C0011E4,Gardnerella vaginalis,1,1A2,Overnight 1
G1,1,B,0.211,C0011E4,Gardnerella vaginalis,1,1A2,Overnight 1
H1,1,B,0.213,C0011E4,Gardnerella vaginalis,1,1A2,Overnight 1
A2,2,A,0.33,UM224,Gardnerella swidsinskii,1,1A2,Overnight 1
B2,2,A,0.331,UM224,Gardnerella swidsinskii,1,1A2,Overnight 1
C2,2,A,0.33,UM224,Gardnerella swidsinskii,1,1A2,Overnight 1
D2,2,A,0.322,UM224,Gardnerella swidsinskii,1,1A2,Overnight 1
E2,2,B,0.269,UM224,Gardnerella swidsinskii,1,1A2,Overnight 1
F2,2,B,0.269,UM224,Gardnerella swidsinskii,1,1A2,Overnight 1
G2,2,B,0.27,UM224,Gardnerella swidsinskii,1,1A2,Overnight 1
H2,2,B,0.267,UM224,Gardnerella swidsinskii,1,1A2,Overnight 1
A3,3,A,0.521,14018,Gardnerella vaginalis,1,1A2,Overnight 1
B3,3,A,0.523,14018,Gardnerella vaginalis,1,1A2,Overnight 1
C3,3,A,0.524,14018,Gardnerella vaginalis,1,1A2,Overnight 1
D3,3,A,0.547,14018,Gardnerella vaginalis,1,1A2,Overnight 1
E3,3,B,0.423,14018,Gardnerella vaginalis,1,1A2,Overnight 1
F3,3,B,0.428,14018,Gardnerella vaginalis,1,1A2,Overnight 1
G3,3,B,0.428,14018,Gardnerella vaginalis,1,1A2,Overnight 1
H3,3,B,0.426,14018,Gardnerella vaginalis,1,1A2,Overnight 1
A4,4,A,0.237,C0102A2,Gardnerella swidsinskii,1,1A2,Overnight 1
B4,4,A,0.242,C0102A2,Gardnerella swidsinskii,1,1A2,Overnight 1
C4,4,A,0.239,C0102A2,Gardnerella swidsinskii,1,1A2,Overnight 1
D4,4,A,0.233,C0102A2,Gardnerella swidsinskii,1,1A2,Overnight 1
E4,4,B,0.337,C0102A2,Gardnerella swidsinskii,1,1A2,Overnight 1
F4,4,B,0.326,C0102A2,Gardnerella swidsinskii,1,1A2,Overnight 1
G4,4,B,0.326,C0102A2,Gardnerella swidsinskii,1,1A2,Overnight 1
H4,4,B,0.326,C0102A2,Gardnerella swidsinskii,1,1A2,Overnight 1
A5,5,A,0.162,C0100B2,Gardnerella sp. 10,1,1A2,Overnight 1
B5,5,A,0.161,C0100B2,Gardnerella sp. 10,1,1A2,Overnight 1
C5,5,A,0.16,C0100B2,Gardnerella sp. 10,1,1A2,Overnight 1
D5,5,A,0.16,C0100B2,Gardnerella sp. 10,1,1A2,Overnight 1
E5,5,B,0.155,C0100B2,Gardnerella sp. 10,1,1A2,Overnight 1
F5,5,B,0.154,C0100B2,Gardnerella sp. 10,1,1A2,Overnight 1
G5,5,B,0.152,C0100B2,Gardnerella sp. 10,1,1A2,Overnight 1
H5,5,B,0.149,C0100B2,Gardnerella sp. 10,1,1A2,Overnight 1
A6,6,A,0.27,315-A,Gardnerella vaginalis,1,1A2,Overnight 1
B6,6,A,0.244,315-A,Gardnerella vaginalis,1,1A2,Overnight 1
C6,6,A,0.242,315-A,Gardnerella vaginalis,1,1A2,Overnight 1
D6,6,A,0.242,315-A,Gardnerella vaginalis,1,1A2,Overnight 1
E6,6,B,0.333,315-A,Gardnerella vaginalis,1,1A2,Overnight 1
F6,6,B,0.317,315-A,Gardnerella vaginalis,1,1A2,Overnight 1
G6,6,B,0.318,315-A,Gardnerella vaginalis,1,1A2,Overnight 1
H6,6,B,0.309,315-A,Gardnerella vaginalis,1,1A2,Overnight 1
A7,7,A,0.259,JCP8017B,Gardnerella sp. 3,1,1A2,Overnight 1
B7,7,A,0.28,JCP8017B,Gardnerella sp. 3,1,1A2,Overnight 1
C7,7,A,0.259,JCP8017B,Gardnerella sp. 3,1,1A2,Overnight 1
D7,7,A,0.262,JCP8017B,Gardnerella sp. 3,1,1A2,Overnight 1
E7,7,B,0.253,JCP8017B,Gardnerella sp. 3,1,1A2,Overnight 1
F7,7,B,0.269,JCP8017B,Gardnerella sp. 3,1,1A2,Overnight 1
G7,7,B,0.251,JCP8017B,Gardnerella sp. 3,1,1A2,Overnight 1
H7,7,B,0.254,JCP8017B,Gardnerella sp. 3,1,1A2,Overnight 1
A8,8,A,0.136,JCP8066,Gardnerella piotii,1,1A2,Overnight 1
B8,8,A,0.136,JCP8066,Gardnerella piotii,1,1A2,Overnight 1
C8,8,A,0.133,JCP8066,Gardnerella piotii,1,1A2,Overnight 1
D8,8,A,0.136,JCP8066,Gardnerella piotii,1,1A2,Overnight 1
E8,8,B,0.115,JCP8066,Gardnerella piotii,1,1A2,Overnight 1
F8,8,B,0.122,JCP8066,Gardnerella piotii,1,1A2,Overnight 1
G8,8,B,0.119,JCP8066,Gardnerella piotii,1,1A2,Overnight 1
H8,8,B,0.117,JCP8066,Gardnerella piotii,1,1A2,Overnight 1
A12,Blank,NA,0.091,NA,NA,NA,1A2,Overnight 1
B12,Blank,NA,0.088,NA,NA,NA,1A2,Overnight 1
C12,Blank,NA,0.089,NA,NA,NA,1A2,Overnight 1
D12,Blank,NA,0.09,NA,NA,NA,1A2,Overnight 1
A9,9,A,0.124,CMW7778B,Gardnerella sp. 12,2,2A2,Overnight 1
B9,9,A,0.125,CMW7778B,Gardnerella sp. 12,2,2A2,Overnight 1
C9,9,A,0.124,CMW7778B,Gardnerella sp. 12,2,2A2,Overnight 1
D9,9,A,0.125,CMW7778B,Gardnerella sp. 12,2,2A2,Overnight 1
E9,9,B,0.105,CMW7778B,Gardnerella sp. 12,2,2A2,Overnight 1
F9,9,B,0.106,CMW7778B,Gardnerella sp. 12,2,2A2,Overnight 1
G9,9,B,0.11,CMW7778B,Gardnerella sp. 12,2,2A2,Overnight 1
H9,9,B,0.107,CMW7778B,Gardnerella sp. 12,2,2A2,Overnight 1
A10,10,A,0.417,AMD,Gardnerella leopoldii,2,2A2,Overnight 1
B10,10,A,0.417,AMD,Gardnerella leopoldii,2,2A2,Overnight 1
C10,10,A,0.411,AMD,Gardnerella leopoldii,2,2A2,Overnight 1
D10,10,A,0.41,AMD,Gardnerella leopoldii,2,2A2,Overnight 1
E10,10,B,0.352,AMD,Gardnerella leopoldii,2,2A2,Overnight 1
F10,10,B,0.337,AMD,Gardnerella leopoldii,2,2A2,Overnight 1
G10,10,B,0.346,AMD,Gardnerella leopoldii,2,2A2,Overnight 1
H10,10,B,0.343,AMD,Gardnerella leopoldii,2,2A2,Overnight 1
A11,11,A,0.088,C0096A1,Gardnerella leopoldii,2,2A2,Overnight 1
B11,11,A,0.088,C0096A1,Gardnerella leopoldii,2,2A2,Overnight 1
C11,11,A,0.088,C0096A1,Gardnerella leopoldii,2,2A2,Overnight 1
D11,11,A,0.089,C0096A1,Gardnerella leopoldii,2,2A2,Overnight 1
E11,11,B,0.093,C0096A1,Gardnerella leopoldii,2,2A2,Overnight 1
F11,11,B,0.092,C0096A1,Gardnerella leopoldii,2,2A2,Overnight 1
G11,11,B,0.091,C0096A1,Gardnerella leopoldii,2,2A2,Overnight 1
H11,11,B,0.094,C0096A1,Gardnerella leopoldii,2,2A2,Overnight 1
A12,Blank,NA,0.091,NA,NA,NA,2A2,Overnight 1
B12,Blank,NA,0.088,NA,NA,NA,2A2,Overnight 1
C12,Blank,NA,0.089,NA,NA,NA,2A2,Overnight 1
D12,Blank,NA,0.09,NA,NA,NA,2A2,Overnight 1
A1,1,A,0.568,C0040C2,Gardnerella sp. 3,1,1B1,Overnight 1
B1,1,A,0.564,C0040C2,Gardnerella sp. 3,1,1B1,Overnight 1
C1,1,A,0.564,C0040C2,Gardnerella sp. 3,1,1B1,Overnight 1
D1,1,A,0.552,C0040C2,Gardnerella sp. 3,1,1B1,Overnight 1
E1,1,B,0.56,C0040C2,Gardnerella sp. 3,1,1B1,Overnight 1
F1,1,B,0.562,C0040C2,Gardnerella sp. 3,1,1B1,Overnight 1
G1,1,B,0.565,C0040C2,Gardnerella sp. 3,1,1B1,Overnight 1
H1,1,B,0.565,C0040C2,Gardnerella sp. 3,1,1B1,Overnight 1
A2,2,A,0.388,C0056B5,Gardnerella sp. 8,1,1B1,Overnight 1
B2,2,A,0.391,C0056B5,Gardnerella sp. 8,1,1B1,Overnight 1
C2,2,A,0.387,C0056B5,Gardnerella sp. 8,1,1B1,Overnight 1
D2,2,A,0.369,C0056B5,Gardnerella sp. 8,1,1B1,Overnight 1
E2,2,B,0.395,C0056B5,Gardnerella sp. 8,1,1B1,Overnight 1
F2,2,B,0.384,C0056B5,Gardnerella sp. 8,1,1B1,Overnight 1
G2,2,B,0.38,C0056B5,Gardnerella sp. 8,1,1B1,Overnight 1
H2,2,B,0.37,C0056B5,Gardnerella sp. 8,1,1B1,Overnight 1
A3,3,A,0.328,Gv101,Gardnerella sp. 8,1,1B1,Overnight 1
B3,3,A,0.325,Gv101,Gardnerella sp. 8,1,1B1,Overnight 1
C3,3,A,0.332,Gv101,Gardnerella sp. 8,1,1B1,Overnight 1
D3,3,A,0.328,Gv101,Gardnerella sp. 8,1,1B1,Overnight 1
E3,3,B,0.458,Gv101,Gardnerella sp. 8,1,1B1,Overnight 1
F3,3,B,0.459,Gv101,Gardnerella sp. 8,1,1B1,Overnight 1
G3,3,B,0.459,Gv101,Gardnerella sp. 8,1,1B1,Overnight 1
H3,3,B,0.459,Gv101,Gardnerella sp. 8,1,1B1,Overnight 1
A4,4,A,0.286,Gv5-1,Gardnerella swidsinskii,1,1B1,Overnight 1
B4,4,A,0.281,Gv5-1,Gardnerella swidsinskii,1,1B1,Overnight 1
C4,4,A,0.284,Gv5-1,Gardnerella swidsinskii,1,1B1,Overnight 1
D4,4,A,0.274,Gv5-1,Gardnerella swidsinskii,1,1B1,Overnight 1
E4,4,B,0.368,Gv5-1,Gardnerella swidsinskii,1,1B1,Overnight 1
F4,4,B,0.365,Gv5-1,Gardnerella swidsinskii,1,1B1,Overnight 1
G4,4,B,0.36,Gv5-1,Gardnerella swidsinskii,1,1B1,Overnight 1
H4,4,B,0.351,Gv5-1,Gardnerella swidsinskii,1,1B1,Overnight 1
A5,5,A,0.243,C0179B4,Gardnerella sp. 7,1,1B1,Overnight 1
B5,5,A,0.244,C0179B4,Gardnerella sp. 7,1,1B1,Overnight 1
C5,5,A,0.244,C0179B4,Gardnerella sp. 7,1,1B1,Overnight 1
D5,5,A,0.24,C0179B4,Gardnerella sp. 7,1,1B1,Overnight 1
E5,5,B,0.227,C0179B4,Gardnerella sp. 7,1,1B1,Overnight 1
F5,5,B,0.23,C0179B4,Gardnerella sp. 7,1,1B1,Overnight 1
G5,5,B,0.229,C0179B4,Gardnerella sp. 7,1,1B1,Overnight 1
H5,5,B,0.221,C0179B4,Gardnerella sp. 7,1,1B1,Overnight 1
A6,6,A,0.194,JCP7275,Gardnerella sp. 2,1,1B1,Overnight 1
B6,6,A,0.193,JCP7275,Gardnerella sp. 2,1,1B1,Overnight 1
C6,6,A,0.195,JCP7275,Gardnerella sp. 2,1,1B1,Overnight 1
D6,6,A,0.193,JCP7275,Gardnerella sp. 2,1,1B1,Overnight 1
E6,6,B,0.171,JCP7275,Gardnerella sp. 2,1,1B1,Overnight 1
F6,6,B,0.186,JCP7275,Gardnerella sp. 2,1,1B1,Overnight 1
G6,6,B,0.184,JCP7275,Gardnerella sp. 2,1,1B1,Overnight 1
H6,6,B,0.179,JCP7275,Gardnerella sp. 2,1,1B1,Overnight 1
A7,7,A,0.107,JCP8108,Gardnerella sp. 2,1,1B1,Overnight 1
B7,7,A,0.104,JCP8108,Gardnerella sp. 2,1,1B1,Overnight 1
C7,7,A,0.104,JCP8108,Gardnerella sp. 2,1,1B1,Overnight 1
D7,7,A,0.106,JCP8108,Gardnerella sp. 2,1,1B1,Overnight 1
E7,7,B,0.208,JCP8108,Gardnerella sp. 2,1,1B1,Overnight 1
F7,7,B,0.205,JCP8108,Gardnerella sp. 2,1,1B1,Overnight 1
G7,7,B,0.199,JCP8108,Gardnerella sp. 2,1,1B1,Overnight 1
H7,7,B,0.195,JCP8108,Gardnerella sp. 2,1,1B1,Overnight 1
A12,Blank,NA,0.086,NA,NA,NA,1B1,Overnight 1
B12,Blank,NA,0.087,NA,NA,NA,1B1,Overnight 1
C12,Blank,NA,0.085,NA,NA,NA,1B1,Overnight 1
D12,Blank,NA,0.087,NA,NA,NA,1B1,Overnight 1
A2,1,A,0.638,C0040C2,Gardnerella sp. 3,1,1B2,Overnight 1
B2,1,A,0.645,C0040C2,Gardnerella sp. 3,1,1B2,Overnight 1
C2,1,A,0.643,C0040C2,Gardnerella sp. 3,1,1B2,Overnight 1
D2,1,A,0.633,C0040C2,Gardnerella sp. 3,1,1B2,Overnight 1
E2,1,B,0.673,C0040C2,Gardnerella sp. 3,1,1B2,Overnight 1
F2,1,B,0.673,C0040C2,Gardnerella sp. 3,1,1B2,Overnight 1
G2,1,B,0.666,C0040C2,Gardnerella sp. 3,1,1B2,Overnight 1
H2,1,B,0.662,C0040C2,Gardnerella sp. 3,1,1B2,Overnight 1
A3,2,A,0.519,C0056B5,Gardnerella sp. 8,1,1B2,Overnight 1
B3,2,A,0.51,C0056B5,Gardnerella sp. 8,1,1B2,Overnight 1
C3,2,A,0.504,C0056B5,Gardnerella sp. 8,1,1B2,Overnight 1
D3,2,A,0.479,C0056B5,Gardnerella sp. 8,1,1B2,Overnight 1
E3,2,B,0.457,C0056B5,Gardnerella sp. 8,1,1B2,Overnight 1
F3,2,B,0.456,C0056B5,Gardnerella sp. 8,1,1B2,Overnight 1
G3,2,B,0.451,C0056B5,Gardnerella sp. 8,1,1B2,Overnight 1
H3,2,B,0.427,C0056B5,Gardnerella sp. 8,1,1B2,Overnight 1
A4,3,A,0.56,Gv101,Gardnerella sp. 8,1,1B2,Overnight 1
B4,3,A,0.554,Gv101,Gardnerella sp. 8,1,1B2,Overnight 1
C4,3,A,0.555,Gv101,Gardnerella sp. 8,1,1B2,Overnight 1
D4,3,A,0.556,Gv101,Gardnerella sp. 8,1,1B2,Overnight 1
E4,3,B,0.346,Gv101,Gardnerella sp. 8,1,1B2,Overnight 1
F4,3,B,0.354,Gv101,Gardnerella sp. 8,1,1B2,Overnight 1
G4,3,B,0.346,Gv101,Gardnerella sp. 8,1,1B2,Overnight 1
H4,3,B,0.347,Gv101,Gardnerella sp. 8,1,1B2,Overnight 1
A5,4,A,0.393,Gv5-1,Gardnerella swidsinskii,1,1B2,Overnight 1
B5,4,A,0.371,Gv5-1,Gardnerella swidsinskii,1,1B2,Overnight 1
C5,4,A,0.402,Gv5-1,Gardnerella swidsinskii,1,1B2,Overnight 1
D5,4,A,0.39,Gv5-1,Gardnerella swidsinskii,1,1B2,Overnight 1
E5,4,B,0.091,Gv5-1,Gardnerella swidsinskii,1,1B2,Overnight 1
F5,4,B,0.091,Gv5-1,Gardnerella swidsinskii,1,1B2,Overnight 1
G5,4,B,0.09,Gv5-1,Gardnerella swidsinskii,1,1B2,Overnight 1
H5,4,B,0.09,Gv5-1,Gardnerella swidsinskii,1,1B2,Overnight 1
A6,5,A,0.201,C0179B4,Gardnerella sp. 7,1,1B2,Overnight 1
B6,5,A,0.196,C0179B4,Gardnerella sp. 7,1,1B2,Overnight 1
C6,5,A,0.198,C0179B4,Gardnerella sp. 7,1,1B2,Overnight 1
D6,5,A,0.198,C0179B4,Gardnerella sp. 7,1,1B2,Overnight 1
E6,5,B,0.35,C0179B4,Gardnerella sp. 7,1,1B2,Overnight 1
F6,5,B,0.35,C0179B4,Gardnerella sp. 7,1,1B2,Overnight 1
G6,5,B,0.354,C0179B4,Gardnerella sp. 7,1,1B2,Overnight 1
H6,5,B,0.349,C0179B4,Gardnerella sp. 7,1,1B2,Overnight 1
A7,6,A,0.173,JCP7275,Gardnerella sp. 2,1,1B2,Overnight 1
B7,6,A,0.169,JCP7275,Gardnerella sp. 2,1,1B2,Overnight 1
C7,6,A,0.17,JCP7275,Gardnerella sp. 2,1,1B2,Overnight 1
D7,6,A,0.169,JCP7275,Gardnerella sp. 2,1,1B2,Overnight 1
E7,6,B,0.101,JCP7275,Gardnerella sp. 2,1,1B2,Overnight 1
F7,6,B,0.103,JCP7275,Gardnerella sp. 2,1,1B2,Overnight 1
G7,6,B,0.101,JCP7275,Gardnerella sp. 2,1,1B2,Overnight 1
H7,6,B,0.101,JCP7275,Gardnerella sp. 2,1,1B2,Overnight 1
A8,7,A,0.131,JCP8108,Gardnerella sp. 2,1,1B2,Overnight 1
B8,7,A,0.132,JCP8108,Gardnerella sp. 2,1,1B2,Overnight 1
C8,7,A,0.132,JCP8108,Gardnerella sp. 2,1,1B2,Overnight 1
D8,7,A,0.134,JCP8108,Gardnerella sp. 2,1,1B2,Overnight 1
E8,7,B,0.129,JCP8108,Gardnerella sp. 2,1,1B2,Overnight 1
F8,7,B,0.13,JCP8108,Gardnerella sp. 2,1,1B2,Overnight 1
G8,7,B,0.127,JCP8108,Gardnerella sp. 2,1,1B2,Overnight 1
H8,7,B,0.126,JCP8108,Gardnerella sp. 2,1,1B2,Overnight 1
A12,Blank,NA,0.088,NA,NA,NA,1B2,Overnight 1
B12,Blank,NA,0.085,NA,NA,NA,1B2,Overnight 1
C12,Blank,NA,0.086,NA,NA,NA,1B2,Overnight 1
D12,Blank,NA,0.087,NA,NA,NA,1B2,Overnight 1
A8,8,A,0.189,C0093B3,Gardnerella piotii,3,3A1,Overnight 1
B8,8,A,0.179,C0093B3,Gardnerella piotii,3,3A1,Overnight 1
C8,8,A,0.18,C0093B3,Gardnerella piotii,3,3A1,Overnight 1
D8,8,A,0.181,C0093B3,Gardnerella piotii,3,3A1,Overnight 1
E8,8,B,0.158,C0093B3,Gardnerella piotii,3,3A1,Overnight 1
F8,8,B,0.169,C0093B3,Gardnerella piotii,3,3A1,Overnight 1
G8,8,B,0.165,C0093B3,Gardnerella piotii,3,3A1,Overnight 1
H8,8,B,0.159,C0093B3,Gardnerella piotii,3,3A1,Overnight 1
A9,9,A,0.114,C0084H9,Gardnerella sp. 2,3,3A1,Overnight 1
B9,9,A,0.113,C0084H9,Gardnerella sp. 2,3,3A1,Overnight 1
C9,9,A,0.112,C0084H9,Gardnerella sp. 2,3,3A1,Overnight 1
D9,9,A,0.107,C0084H9,Gardnerella sp. 2,3,3A1,Overnight 1
E9,9,B,0.116,C0084H9,Gardnerella sp. 2,3,3A1,Overnight 1
F9,9,B,0.115,C0084H9,Gardnerella sp. 2,3,3A1,Overnight 1
G9,9,B,0.115,C0084H9,Gardnerella sp. 2,3,3A1,Overnight 1
H9,9,B,0.117,C0084H9,Gardnerella sp. 2,3,3A1,Overnight 1
A10,10,A,0.122,C0101A1,Gardnerella sp. 11,3,3A1,Overnight 1
B10,10,A,0.124,C0101A1,Gardnerella sp. 11,3,3A1,Overnight 1
C10,10,A,0.122,C0101A1,Gardnerella sp. 11,3,3A1,Overnight 1
D10,10,A,0.126,C0101A1,Gardnerella sp. 11,3,3A1,Overnight 1
E10,10,B,0.097,C0101A1,Gardnerella sp. 11,3,3A1,Overnight 1
F10,10,B,0.101,C0101A1,Gardnerella sp. 11,3,3A1,Overnight 1
G10,10,B,0.099,C0101A1,Gardnerella sp. 11,3,3A1,Overnight 1
H10,10,B,0.101,C0101A1,Gardnerella sp. 11,3,3A1,Overnight 1
A11,11,A,0.297,UM35,Gardnerella piotii,3,3A1,Overnight 1
B11,11,A,0.295,UM35,Gardnerella piotii,3,3A1,Overnight 1
C11,11,A,0.296,UM35,Gardnerella piotii,3,3A1,Overnight 1
D11,11,A,0.294,UM35,Gardnerella piotii,3,3A1,Overnight 1
E11,11,B,0.282,UM35,Gardnerella piotii,3,3A1,Overnight 1
F11,11,B,0.286,UM35,Gardnerella piotii,3,3A1,Overnight 1
G11,11,B,0.291,UM35,Gardnerella piotii,3,3A1,Overnight 1
H11,11,B,0.286,UM35,Gardnerella piotii,3,3A1,Overnight 1
E12,Blank,NA,0.046,NA,NA,NA,3A1,Overnight 1
F12,Blank,NA,0.048,NA,NA,NA,3A1,Overnight 1
G12,Blank,NA,0.048,NA,NA,NA,3A1,Overnight 1
H12,Blank,NA,0.048,NA,NA,NA,3A1,Overnight 1
A3,1,A,0.146,C0093B3,Gardnerella piotii,3,3A2,Overnight 1
B3,1,A,0.145,C0093B3,Gardnerella piotii,3,3A2,Overnight 1
C3,1,A,0.148,C0093B3,Gardnerella piotii,3,3A2,Overnight 1
D3,1,A,0.146,C0093B3,Gardnerella piotii,3,3A2,Overnight 1
E3,1,B,0.168,C0093B3,Gardnerella piotii,3,3A2,Overnight 1
F3,1,B,0.171,C0093B3,Gardnerella piotii,3,3A2,Overnight 1
G3,1,B,0.171,C0093B3,Gardnerella piotii,3,3A2,Overnight 1
H3,1,B,0.172,C0093B3,Gardnerella piotii,3,3A2,Overnight 1
A4,2,A,0.117,C0084H9,Gardnerella sp. 2,3,3A2,Overnight 1
B4,2,A,0.118,C0084H9,Gardnerella sp. 2,3,3A2,Overnight 1
C4,2,A,0.118,C0084H9,Gardnerella sp. 2,3,3A2,Overnight 1
D4,2,A,0.116,C0084H9,Gardnerella sp. 2,3,3A2,Overnight 1
E4,2,B,0.103,C0084H9,Gardnerella sp. 2,3,3A2,Overnight 1
F4,2,B,0.105,C0084H9,Gardnerella sp. 2,3,3A2,Overnight 1
G4,2,B,0.103,C0084H9,Gardnerella sp. 2,3,3A2,Overnight 1
H4,2,B,0.1,C0084H9,Gardnerella sp. 2,3,3A2,Overnight 1
A5,3,A,0.113,C0101A1,Gardnerella sp. 11,3,3A2,Overnight 1
B5,3,A,0.115,C0101A1,Gardnerella sp. 11,3,3A2,Overnight 1
C5,3,A,0.113,C0101A1,Gardnerella sp. 11,3,3A2,Overnight 1
D5,3,A,0.112,C0101A1,Gardnerella sp. 11,3,3A2,Overnight 1
E5,3,B,0.128,C0101A1,Gardnerella sp. 11,3,3A2,Overnight 1
F5,3,B,0.126,C0101A1,Gardnerella sp. 11,3,3A2,Overnight 1
G5,3,B,0.129,C0101A1,Gardnerella sp. 11,3,3A2,Overnight 1
H5,3,B,0.119,C0101A1,Gardnerella sp. 11,3,3A2,Overnight 1
A6,4,A,0.338,UM35,Gardnerella piotii,3,3A2,Overnight 1
B6,4,A,0.339,UM35,Gardnerella piotii,3,3A2,Overnight 1
C6,4,A,0.336,UM35,Gardnerella piotii,3,3A2,Overnight 1
D6,4,A,0.337,UM35,Gardnerella piotii,3,3A2,Overnight 1
E6,4,B,0.303,UM35,Gardnerella piotii,3,3A2,Overnight 1
F6,4,B,0.308,UM35,Gardnerella piotii,3,3A2,Overnight 1
G6,4,B,0.31,UM35,Gardnerella piotii,3,3A2,Overnight 1
H6,4,B,0.306,UM35,Gardnerella piotii,3,3A2,Overnight 1
A11,Blank,NA,0.056,NA,NA,NA,3A2,Overnight 1
B11,Blank,NA,0.05,NA,NA,NA,3A2,Overnight 1
C11,Blank,NA,0.049,NA,NA,NA,3A2,Overnight 1
D11,Blank,NA,0.05,NA,NA,NA,3A2,Overnight 1
A1,1,A,0.259,Gv5-1,Gardnerella swidsinskii,1,1AB3,Overnight 1
B1,1,A,0.294,Gv5-1,Gardnerella swidsinskii,1,1AB3,Overnight 1
C1,1,A,0.257,Gv5-1,Gardnerella swidsinskii,1,1AB3,Overnight 1
D1,1,A,0.26,Gv5-1,Gardnerella swidsinskii,1,1AB3,Overnight 1
E1,1,B,0.223,Gv5-1,Gardnerella swidsinskii,1,1AB3,Overnight 1
F1,1,B,0.227,Gv5-1,Gardnerella swidsinskii,1,1AB3,Overnight 1
G1,1,B,0.222,Gv5-1,Gardnerella swidsinskii,1,1AB3,Overnight 1
H1,1,B,0.226,Gv5-1,Gardnerella swidsinskii,1,1AB3,Overnight 1
A2,2,A,0.474,C0179B4,Gardnerella sp. 7,1,1AB3,Overnight 1
B2,2,A,0.476,C0179B4,Gardnerella sp. 7,1,1AB3,Overnight 1
C2,2,A,0.465,C0179B4,Gardnerella sp. 7,1,1AB3,Overnight 1
D2,2,A,0.476,C0179B4,Gardnerella sp. 7,1,1AB3,Overnight 1
E2,2,B,0.5,C0179B4,Gardnerella sp. 7,1,1AB3,Overnight 1
F2,2,B,0.502,C0179B4,Gardnerella sp. 7,1,1AB3,Overnight 1
G2,2,B,0.505,C0179B4,Gardnerella sp. 7,1,1AB3,Overnight 1
H2,2,B,0.504,C0179B4,Gardnerella sp. 7,1,1AB3,Overnight 1
A3,3,A,0.193,JCP7275,Gardnerella sp. 2,1,1AB3,Overnight 1
B3,3,A,0.191,JCP7275,Gardnerella sp. 2,1,1AB3,Overnight 1
C3,3,A,0.193,JCP7275,Gardnerella sp. 2,1,1AB3,Overnight 1
D3,3,A,0.193,JCP7275,Gardnerella sp. 2,1,1AB3,Overnight 1
E3,3,B,0.17,JCP7275,Gardnerella sp. 2,1,1AB3,Overnight 1
F3,3,B,0.172,JCP7275,Gardnerella sp. 2,1,1AB3,Overnight 1
G3,3,B,0.171,JCP7275,Gardnerella sp. 2,1,1AB3,Overnight 1
H3,3,B,0.169,JCP7275,Gardnerella sp. 2,1,1AB3,Overnight 1
A4,4,A,0.174,JCP8108,Gardnerella sp. 2,1,1AB3,Overnight 1
B4,4,A,0.172,JCP8108,Gardnerella sp. 2,1,1AB3,Overnight 1
C4,4,A,0.174,JCP8108,Gardnerella sp. 2,1,1AB3,Overnight 1
D4,4,A,0.172,JCP8108,Gardnerella sp. 2,1,1AB3,Overnight 1
E4,4,B,0.318,JCP8108,Gardnerella sp. 2,1,1AB3,Overnight 1
F4,4,B,0.319,JCP8108,Gardnerella sp. 2,1,1AB3,Overnight 1
G4,4,B,0.318,JCP8108,Gardnerella sp. 2,1,1AB3,Overnight 1
H4,4,B,0.315,JCP8108,Gardnerella sp. 2,1,1AB3,Overnight 1
A5,5,A,0.226,JCP8066,Gardnerella piotii,1,1AB3,Overnight 1
B5,5,A,0.228,JCP8066,Gardnerella piotii,1,1AB3,Overnight 1
C5,5,A,0.23,JCP8066,Gardnerella piotii,1,1AB3,Overnight 1
D5,5,A,0.225,JCP8066,Gardnerella piotii,1,1AB3,Overnight 1
E5,5,B,0.234,JCP8066,Gardnerella piotii,1,1AB3,Overnight 1
F5,5,B,0.232,JCP8066,Gardnerella piotii,1,1AB3,Overnight 1
G5,5,B,0.226,JCP8066,Gardnerella piotii,1,1AB3,Overnight 1
H5,5,B,0.227,JCP8066,Gardnerella piotii,1,1AB3,Overnight 1
A6,6,A,0.641,C0040C2,Gardnerella sp. 3,1,1AB3,Overnight 1
B6,6,A,0.641,C0040C2,Gardnerella sp. 3,1,1AB3,Overnight 1
C6,6,A,0.633,C0040C2,Gardnerella sp. 3,1,1AB3,Overnight 1
D6,6,A,0.653,C0040C2,Gardnerella sp. 3,1,1AB3,Overnight 1
E6,6,B,0.664,C0040C2,Gardnerella sp. 3,1,1AB3,Overnight 1
F6,6,B,0.665,C0040C2,Gardnerella sp. 3,1,1AB3,Overnight 1
G6,6,B,0.663,C0040C2,Gardnerella sp. 3,1,1AB3,Overnight 1
H6,6,B,0.705,C0040C2,Gardnerella sp. 3,1,1AB3,Overnight 1
A7,7,A,0.069,C0100B2,Gardnerella sp. 10,1,1AB3,Overnight 1
B7,7,A,0.069,C0100B2,Gardnerella sp. 10,1,1AB3,Overnight 1
C7,7,A,0.069,C0100B2,Gardnerella sp. 10,1,1AB3,Overnight 1
D7,7,A,0.071,C0100B2,Gardnerella sp. 10,1,1AB3,Overnight 1
E7,7,B,0.071,C0100B2,Gardnerella sp. 10,1,1AB3,Overnight 1
F7,7,B,0.071,C0100B2,Gardnerella sp. 10,1,1AB3,Overnight 1
G7,7,B,0.072,C0100B2,Gardnerella sp. 10,1,1AB3,Overnight 1
H7,7,B,0.077,C0100B2,Gardnerella sp. 10,1,1AB3,Overnight 1
A8,8,A,0.243,C0102A2,Gardnerella swidsinskii,1,1AB3,Overnight 1
B8,8,A,0.243,C0102A2,Gardnerella swidsinskii,1,1AB3,Overnight 1
C8,8,A,0.235,C0102A2,Gardnerella swidsinskii,1,1AB3,Overnight 1
D8,8,A,0.242,C0102A2,Gardnerella swidsinskii,1,1AB3,Overnight 1
E8,8,B,0.232,C0102A2,Gardnerella swidsinskii,1,1AB3,Overnight 1
F8,8,B,0.233,C0102A2,Gardnerella swidsinskii,1,1AB3,Overnight 1
G8,8,B,0.245,C0102A2,Gardnerella swidsinskii,1,1AB3,Overnight 1
H8,8,B,0.232,C0102A2,Gardnerella swidsinskii,1,1AB3,Overnight 1
A12,Blank,NA,0.05,NA,NA,NA,1AB3,Overnight 1
B12,Blank,NA,0.048,NA,NA,NA,1AB3,Overnight 1
C12,Blank,NA,0.049,NA,NA,NA,1AB3,Overnight 1
D12,Blank,NA,0.048,NA,NA,NA,1AB3,Overnight 1
A2,1,A,0.199,JCP7275,Gardnerella sp. 2,1,1AB4,Overnight 1
B2,1,A,0.178,JCP7275,Gardnerella sp. 2,1,1AB4,Overnight 1
C2,1,A,0.179,JCP7275,Gardnerella sp. 2,1,1AB4,Overnight 1
D2,1,A,0.178,JCP7275,Gardnerella sp. 2,1,1AB4,Overnight 1
E2,1,B,0.102,JCP7275,Gardnerella sp. 2,1,1AB4,Overnight 1
F2,1,B,0.103,JCP7275,Gardnerella sp. 2,1,1AB4,Overnight 1
G2,1,B,0.104,JCP7275,Gardnerella sp. 2,1,1AB4,Overnight 1
H2,1,B,0.102,JCP7275,Gardnerella sp. 2,1,1AB4,Overnight 1
A3,2,A,0.234,JCP8108,Gardnerella sp. 2,1,1AB4,Overnight 1
B3,2,A,0.231,JCP8108,Gardnerella sp. 2,1,1AB4,Overnight 1
C3,2,A,0.237,JCP8108,Gardnerella sp. 2,1,1AB4,Overnight 1
D3,2,A,0.237,JCP8108,Gardnerella sp. 2,1,1AB4,Overnight 1
E3,2,B,0.387,JCP8108,Gardnerella sp. 2,1,1AB4,Overnight 1
F3,2,B,0.385,JCP8108,Gardnerella sp. 2,1,1AB4,Overnight 1
G3,2,B,0.385,JCP8108,Gardnerella sp. 2,1,1AB4,Overnight 1
H3,2,B,0.384,JCP8108,Gardnerella sp. 2,1,1AB4,Overnight 1
A4,3,A,0.083,C0100B2,Gardnerella sp. 10,1,1AB4,Overnight 1
B4,3,A,0.082,C0100B2,Gardnerella sp. 10,1,1AB4,Overnight 1
C4,3,A,0.082,C0100B2,Gardnerella sp. 10,1,1AB4,Overnight 1
D4,3,A,0.082,C0100B2,Gardnerella sp. 10,1,1AB4,Overnight 1
E4,3,B,0.145,C0100B2,Gardnerella sp. 10,1,1AB4,Overnight 1
F4,3,B,0.145,C0100B2,Gardnerella sp. 10,1,1AB4,Overnight 1
G4,3,B,0.146,C0100B2,Gardnerella sp. 10,1,1AB4,Overnight 1
H4,3,B,0.142,C0100B2,Gardnerella sp. 10,1,1AB4,Overnight 1
A12,Blank,NA,0.047,NA,NA,NA,1AB4,Overnight 1
B12,Blank,NA,0.048,NA,NA,NA,1AB4,Overnight 1
C12,Blank,NA,0.048,NA,NA,NA,1AB4,Overnight 1
D12,Blank,NA,0.047,NA,NA,NA,1AB4,Overnight 1
A5,4,A,0.102,C0096A1,Gardnerella leopoldii,2,2A3,Overnight 1
B5,4,A,0.105,C0096A1,Gardnerella leopoldii,2,2A3,Overnight 1
C5,4,A,0.105,C0096A1,Gardnerella leopoldii,2,2A3,Overnight 1
D5,4,A,0.102,C0096A1,Gardnerella leopoldii,2,2A3,Overnight 1
E5,4,B,0.219,C0096A1,Gardnerella leopoldii,2,2A3,Overnight 1
F5,4,B,0.22,C0096A1,Gardnerella leopoldii,2,2A3,Overnight 1
G5,4,B,0.217,C0096A1,Gardnerella leopoldii,2,2A3,Overnight 1
H5,4,B,0.213,C0096A1,Gardnerella leopoldii,2,2A3,Overnight 1
A6,5,A,0.084,CMW7778B,Gardnerella sp. 12,2,2A3,Overnight 1
B6,5,A,0.083,CMW7778B,Gardnerella sp. 12,2,2A3,Overnight 1
C6,5,A,0.084,CMW7778B,Gardnerella sp. 12,2,2A3,Overnight 1
D6,5,A,0.083,CMW7778B,Gardnerella sp. 12,2,2A3,Overnight 1
E6,5,B,0.102,CMW7778B,Gardnerella sp. 12,2,2A3,Overnight 1
F6,5,B,0.106,CMW7778B,Gardnerella sp. 12,2,2A3,Overnight 1
G6,5,B,0.128,CMW7778B,Gardnerella sp. 12,2,2A3,Overnight 1
H6,5,B,0.102,CMW7778B,Gardnerella sp. 12,2,2A3,Overnight 1
A7,6,A,0.059,CMW7778B,Gardnerella sp. 12,2,2A3,Overnight 1
B7,6,A,0.059,CMW7778B,Gardnerella sp. 12,2,2A3,Overnight 1
C7,6,A,0.059,CMW7778B,Gardnerella sp. 12,2,2A3,Overnight 1
D7,6,A,0.059,CMW7778B,Gardnerella sp. 12,2,2A3,Overnight 1
E7,6,B,0.058,CMW7778B,Gardnerella sp. 12,2,2A3,Overnight 1
F7,6,B,0.062,CMW7778B,Gardnerella sp. 12,2,2A3,Overnight 1
G7,6,B,0.061,CMW7778B,Gardnerella sp. 12,2,2A3,Overnight 1
H7,6,B,0.061,CMW7778B,Gardnerella sp. 12,2,2A3,Overnight 1
A12,Blank,NA,0.047,NA,NA,NA,2A3,Overnight 1
B12,Blank,NA,0.048,NA,NA,NA,2A3,Overnight 1
C12,Blank,NA,0.048,NA,NA,NA,2A3,Overnight 1
D12,Blank,NA,0.047,NA,NA,NA,2A3,Overnight 1
A2,1,A,0.312,UM35,Gardnerella piotii,3,3A3,Overnight 1
B2,1,A,0.315,UM35,Gardnerella piotii,3,3A3,Overnight 1
C2,1,A,0.317,UM35,Gardnerella piotii,3,3A3,Overnight 1
D2,1,A,0.316,UM35,Gardnerella piotii,3,3A3,Overnight 1
E2,1,B,0.269,UM35,Gardnerella piotii,3,3A3,Overnight 1
F2,1,B,0.272,UM35,Gardnerella piotii,3,3A3,Overnight 1
G2,1,B,0.273,UM35,Gardnerella piotii,3,3A3,Overnight 1
H2,1,B,0.271,UM35,Gardnerella piotii,3,3A3,Overnight 1
A3,2,A,0.317,UM35,Gardnerella piotii,3,3A3,Overnight 1
B3,2,A,0.323,UM35,Gardnerella piotii,3,3A3,Overnight 1
C3,2,A,0.323,UM35,Gardnerella piotii,3,3A3,Overnight 1
D3,2,A,0.322,UM35,Gardnerella piotii,3,3A3,Overnight 1
E3,2,B,0.269,UM35,Gardnerella piotii,3,3A3,Overnight 1
F3,2,B,0.277,UM35,Gardnerella piotii,3,3A3,Overnight 1
G3,2,B,0.276,UM35,Gardnerella piotii,3,3A3,Overnight 1
H3,2,B,0.275,UM35,Gardnerella piotii,3,3A3,Overnight 1
A4,3,A,0.092,C0084H9,Gardnerella sp. 2,3,3A3,Overnight 1
B4,3,A,0.093,C0084H9,Gardnerella sp. 2,3,3A3,Overnight 1
C4,3,A,0.094,C0084H9,Gardnerella sp. 2,3,3A3,Overnight 1
D4,3,A,0.089,C0084H9,Gardnerella sp. 2,3,3A3,Overnight 1
E4,3,B,0.096,C0084H9,Gardnerella sp. 2,3,3A3,Overnight 1
F4,3,B,0.097,C0084H9,Gardnerella sp. 2,3,3A3,Overnight 1
G4,3,B,0.103,C0084H9,Gardnerella sp. 2,3,3A3,Overnight 1
H4,3,B,0.099,C0084H9,Gardnerella sp. 2,3,3A3,Overnight 1
A5,4,A,0.184,C0093B3,Gardnerella piotii,3,3A3,Overnight 1
B5,4,A,0.187,C0093B3,Gardnerella piotii,3,3A3,Overnight 1
C5,4,A,0.186,C0093B3,Gardnerella piotii,3,3A3,Overnight 1
D5,4,A,0.183,C0093B3,Gardnerella piotii,3,3A3,Overnight 1
E5,4,B,0.198,C0093B3,Gardnerella piotii,3,3A3,Overnight 1
F5,4,B,0.196,C0093B3,Gardnerella piotii,3,3A3,Overnight 1
G5,4,B,0.195,C0093B3,Gardnerella piotii,3,3A3,Overnight 1
H5,4,B,0.197,C0093B3,Gardnerella piotii,3,3A3,Overnight 1
A12,Blank,NA,0.05,NA,NA,NA,3A3,Overnight 1
B12,Blank,NA,0.052,NA,NA,NA,3A3,Overnight 1
C12,Blank,NA,0.051,NA,NA,NA,3A3,Overnight 1
D12,Blank,NA,0.049,NA,NA,NA,3A3,Overnight 1
A1,1,A,0.543,C0011E4,Gardnerella vaginalis,1,1A1,Overnight 2
B1,1,A,0.534,C0011E4,Gardnerella vaginalis,1,1A1,Overnight 2
C1,1,A,0.544,C0011E4,Gardnerella vaginalis,1,1A1,Overnight 2
D1,1,A,0.542,C0011E4,Gardnerella vaginalis,1,1A1,Overnight 2
E1,1,B,0.28,C0011E4,Gardnerella vaginalis,1,1A1,Overnight 2
F1,1,B,0.281,C0011E4,Gardnerella vaginalis,1,1A1,Overnight 2
G1,1,B,0.283,C0011E4,Gardnerella vaginalis,1,1A1,Overnight 2
H1,1,B,0.283,C0011E4,Gardnerella vaginalis,1,1A1,Overnight 2
A2,2,A,0.267,UM224,Gardnerella swidsinskii,1,1A1,Overnight 2
B2,2,A,0.269,UM224,Gardnerella swidsinskii,1,1A1,Overnight 2
C2,2,A,0.271,UM224,Gardnerella swidsinskii,1,1A1,Overnight 2
D2,2,A,0.271,UM224,Gardnerella swidsinskii,1,1A1,Overnight 2
E2,2,B,0.286,UM224,Gardnerella swidsinskii,1,1A1,Overnight 2
F2,2,B,0.273,UM224,Gardnerella swidsinskii,1,1A1,Overnight 2
G2,2,B,0.27,UM224,Gardnerella swidsinskii,1,1A1,Overnight 2
H2,2,B,0.262,UM224,Gardnerella swidsinskii,1,1A1,Overnight 2
A3,3,A,0.355,14018,Gardnerella vaginalis,1,1A1,Overnight 2
B3,3,A,0.366,14018,Gardnerella vaginalis,1,1A1,Overnight 2
C3,3,A,0.374,14018,Gardnerella vaginalis,1,1A1,Overnight 2
D3,3,A,0.369,14018,Gardnerella vaginalis,1,1A1,Overnight 2
E3,3,B,0.373,14018,Gardnerella vaginalis,1,1A1,Overnight 2
F3,3,B,0.372,14018,Gardnerella vaginalis,1,1A1,Overnight 2
G3,3,B,0.374,14018,Gardnerella vaginalis,1,1A1,Overnight 2
H3,3,B,0.373,14018,Gardnerella vaginalis,1,1A1,Overnight 2
A4,4,A,0.333,C0102A2,Gardnerella swidsinskii,1,1A1,Overnight 2
B4,4,A,0.357,C0102A2,Gardnerella swidsinskii,1,1A1,Overnight 2
C4,4,A,0.358,C0102A2,Gardnerella swidsinskii,1,1A1,Overnight 2
D4,4,A,0.346,C0102A2,Gardnerella swidsinskii,1,1A1,Overnight 2
E4,4,B,0.177,C0102A2,Gardnerella swidsinskii,1,1A1,Overnight 2
F4,4,B,0.18,C0102A2,Gardnerella swidsinskii,1,1A1,Overnight 2
G4,4,B,0.174,C0102A2,Gardnerella swidsinskii,1,1A1,Overnight 2
H4,4,B,0.175,C0102A2,Gardnerella swidsinskii,1,1A1,Overnight 2
A5,5,A,0.296,C0100B2,Gardnerella sp. 10,1,1A1,Overnight 2
B5,5,A,0.316,C0100B2,Gardnerella sp. 10,1,1A1,Overnight 2
C5,5,A,0.317,C0100B2,Gardnerella sp. 10,1,1A1,Overnight 2
D5,5,A,0.331,C0100B2,Gardnerella sp. 10,1,1A1,Overnight 2
A6,6,A,0.314,315-A,Gardnerella vaginalis,1,1A1,Overnight 2
B6,6,A,0.324,315-A,Gardnerella vaginalis,1,1A1,Overnight 2
C6,6,A,0.327,315-A,Gardnerella vaginalis,1,1A1,Overnight 2
D6,6,A,0.327,315-A,Gardnerella vaginalis,1,1A1,Overnight 2
E6,6,B,0.401,315-A,Gardnerella vaginalis,1,1A1,Overnight 2
F6,6,B,0.406,315-A,Gardnerella vaginalis,1,1A1,Overnight 2
G6,6,B,0.402,315-A,Gardnerella vaginalis,1,1A1,Overnight 2
H6,6,B,0.402,315-A,Gardnerella vaginalis,1,1A1,Overnight 2
A7,7,A,0.815,JCP8017B,Gardnerella sp. 3,1,1A1,Overnight 2
B7,7,A,0.83,JCP8017B,Gardnerella sp. 3,1,1A1,Overnight 2
C7,7,A,0.872,JCP8017B,Gardnerella sp. 3,1,1A1,Overnight 2
D7,7,A,0.883,JCP8017B,Gardnerella sp. 3,1,1A1,Overnight 2
E7,7,B,0.794,JCP8017B,Gardnerella sp. 3,1,1A1,Overnight 2
F7,7,B,0.752,JCP8017B,Gardnerella sp. 3,1,1A1,Overnight 2
G7,7,B,0.76,JCP8017B,Gardnerella sp. 3,1,1A1,Overnight 2
H7,7,B,0.752,JCP8017B,Gardnerella sp. 3,1,1A1,Overnight 2
A8,8,A,0.361,JCP8066,Gardnerella piotii,1,1A1,Overnight 2
B8,8,A,0.386,JCP8066,Gardnerella piotii,1,1A1,Overnight 2
C8,8,A,0.391,JCP8066,Gardnerella piotii,1,1A1,Overnight 2
D8,8,A,0.391,JCP8066,Gardnerella piotii,1,1A1,Overnight 2
E8,8,B,0.373,JCP8066,Gardnerella piotii,1,1A1,Overnight 2
F8,8,B,0.366,JCP8066,Gardnerella piotii,1,1A1,Overnight 2
G8,8,B,0.376,JCP8066,Gardnerella piotii,1,1A1,Overnight 2
H8,8,B,0.348,JCP8066,Gardnerella piotii,1,1A1,Overnight 2
A12,Blank,NA,0.086,NA,NA,NA,1A1,Overnight 2
B12,Blank,NA,0.089,NA,NA,NA,1A1,Overnight 2
C12,Blank,NA,0.09,NA,NA,NA,1A1,Overnight 2
D12,Blank,NA,0.087,NA,NA,NA,1A1,Overnight 2
A9,9,A,0.09,CMW7778B,Gardnerella sp. 12,2,2A1,Overnight 2
B9,9,A,0.098,CMW7778B,Gardnerella sp. 12,2,2A1,Overnight 2
C9,9,A,0.099,CMW7778B,Gardnerella sp. 12,2,2A1,Overnight 2
D9,9,A,0.108,CMW7778B,Gardnerella sp. 12,2,2A1,Overnight 2
E9,9,B,0.101,CMW7778B,Gardnerella sp. 12,2,2A1,Overnight 2
F9,9,B,0.117,CMW7778B,Gardnerella sp. 12,2,2A1,Overnight 2
G9,9,B,0.106,CMW7778B,Gardnerella sp. 12,2,2A1,Overnight 2
H9,9,B,0.106,CMW7778B,Gardnerella sp. 12,2,2A1,Overnight 2
A10,10,A,0.388,AMD,Gardnerella leopoldii,2,2A1,Overnight 2
B10,10,A,0.381,AMD,Gardnerella leopoldii,2,2A1,Overnight 2
C10,10,A,0.384,AMD,Gardnerella leopoldii,2,2A1,Overnight 2
D10,10,A,0.391,AMD,Gardnerella leopoldii,2,2A1,Overnight 2
E10,10,B,0.45,AMD,Gardnerella leopoldii,2,2A1,Overnight 2
F10,10,B,0.45,AMD,Gardnerella leopoldii,2,2A1,Overnight 2
G10,10,B,0.454,AMD,Gardnerella leopoldii,2,2A1,Overnight 2
H10,10,B,0.455,AMD,Gardnerella leopoldii,2,2A1,Overnight 2
A11,11,A,0.495,C0096A1,Gardnerella leopoldii,2,2A1,Overnight 2
B11,11,A,0.501,C0096A1,Gardnerella leopoldii,2,2A1,Overnight 2
C11,11,A,0.498,C0096A1,Gardnerella leopoldii,2,2A1,Overnight 2
D11,11,A,0.502,C0096A1,Gardnerella leopoldii,2,2A1,Overnight 2
E11,11,B,0.484,C0096A1,Gardnerella leopoldii,2,2A1,Overnight 2
F11,11,B,0.485,C0096A1,Gardnerella leopoldii,2,2A1,Overnight 2
G11,11,B,0.482,C0096A1,Gardnerella leopoldii,2,2A1,Overnight 2
H11,11,B,0.483,C0096A1,Gardnerella leopoldii,2,2A1,Overnight 2
A12,Blank,NA,0.086,NA,NA,NA,2A1,Overnight 2
B12,Blank,NA,0.089,NA,NA,NA,2A1,Overnight 2
C12,Blank,NA,0.09,NA,NA,NA,2A1,Overnight 2
D12,Blank,NA,0.087,NA,NA,NA,2A1,Overnight 2
A1,1,A,0.356,C0011E4,Gardnerella vaginalis,1,1A2,Overnight 2
B1,1,A,0.355,C0011E4,Gardnerella vaginalis,1,1A2,Overnight 2
C1,1,A,0.356,C0011E4,Gardnerella vaginalis,1,1A2,Overnight 2
D1,1,A,0.356,C0011E4,Gardnerella vaginalis,1,1A2,Overnight 2
E1,1,B,0.338,C0011E4,Gardnerella vaginalis,1,1A2,Overnight 2
F1,1,B,0.342,C0011E4,Gardnerella vaginalis,1,1A2,Overnight 2
G1,1,B,0.337,C0011E4,Gardnerella vaginalis,1,1A2,Overnight 2
H1,1,B,0.34,C0011E4,Gardnerella vaginalis,1,1A2,Overnight 2
A2,2,A,0.374,UM224,Gardnerella swidsinskii,1,1A2,Overnight 2
B2,2,A,0.406,UM224,Gardnerella swidsinskii,1,1A2,Overnight 2
C2,2,A,0.384,UM224,Gardnerella swidsinskii,1,1A2,Overnight 2
D2,2,A,0.363,UM224,Gardnerella swidsinskii,1,1A2,Overnight 2
E2,2,B,0.294,UM224,Gardnerella swidsinskii,1,1A2,Overnight 2
F2,2,B,0.299,UM224,Gardnerella swidsinskii,1,1A2,Overnight 2
G2,2,B,0.304,UM224,Gardnerella swidsinskii,1,1A2,Overnight 2
H2,2,B,0.311,UM224,Gardnerella swidsinskii,1,1A2,Overnight 2
A3,3,A,0.423,14018,Gardnerella vaginalis,1,1A2,Overnight 2
B3,3,A,0.438,14018,Gardnerella vaginalis,1,1A2,Overnight 2
C3,3,A,0.437,14018,Gardnerella vaginalis,1,1A2,Overnight 2
D3,3,A,0.431,14018,Gardnerella vaginalis,1,1A2,Overnight 2
E3,3,B,0.405,14018,Gardnerella vaginalis,1,1A2,Overnight 2
F3,3,B,0.403,14018,Gardnerella vaginalis,1,1A2,Overnight 2
G3,3,B,0.4,14018,Gardnerella vaginalis,1,1A2,Overnight 2
H3,3,B,0.402,14018,Gardnerella vaginalis,1,1A2,Overnight 2
A4,4,A,0.197,C0102A2,Gardnerella swidsinskii,1,1A2,Overnight 2
B4,4,A,0.197,C0102A2,Gardnerella swidsinskii,1,1A2,Overnight 2
C4,4,A,0.211,C0102A2,Gardnerella swidsinskii,1,1A2,Overnight 2
D4,4,A,0.199,C0102A2,Gardnerella swidsinskii,1,1A2,Overnight 2
E4,4,B,0.253,C0102A2,Gardnerella swidsinskii,1,1A2,Overnight 2
F4,4,B,0.251,C0102A2,Gardnerella swidsinskii,1,1A2,Overnight 2
G4,4,B,0.243,C0102A2,Gardnerella swidsinskii,1,1A2,Overnight 2
H4,4,B,0.248,C0102A2,Gardnerella swidsinskii,1,1A2,Overnight 2
A5,5,A,0.379,C0100B2,Gardnerella sp. 10,1,1A2,Overnight 2
B5,5,A,0.386,C0100B2,Gardnerella sp. 10,1,1A2,Overnight 2
C5,5,A,0.389,C0100B2,Gardnerella sp. 10,1,1A2,Overnight 2
D5,5,A,0.384,C0100B2,Gardnerella sp. 10,1,1A2,Overnight 2
E5,5,B,0.304,C0100B2,Gardnerella sp. 10,1,1A2,Overnight 2
F5,5,B,0.315,C0100B2,Gardnerella sp. 10,1,1A2,Overnight 2
G5,5,B,0.299,C0100B2,Gardnerella sp. 10,1,1A2,Overnight 2
H5,5,B,0.299,C0100B2,Gardnerella sp. 10,1,1A2,Overnight 2
A6,6,A,0.381,315-A,Gardnerella vaginalis,1,1A2,Overnight 2
B6,6,A,0.386,315-A,Gardnerella vaginalis,1,1A2,Overnight 2
C6,6,A,0.395,315-A,Gardnerella vaginalis,1,1A2,Overnight 2
D6,6,A,0.39,315-A,Gardnerella vaginalis,1,1A2,Overnight 2
E6,6,B,0.394,315-A,Gardnerella vaginalis,1,1A2,Overnight 2
F6,6,B,0.396,315-A,Gardnerella vaginalis,1,1A2,Overnight 2
G6,6,B,0.393,315-A,Gardnerella vaginalis,1,1A2,Overnight 2
H6,6,B,0.398,315-A,Gardnerella vaginalis,1,1A2,Overnight 2
A7,7,A,0.631,JCP8017B,Gardnerella sp. 3,1,1A2,Overnight 2
B7,7,A,0.635,JCP8017B,Gardnerella sp. 3,1,1A2,Overnight 2
C7,7,A,0.631,JCP8017B,Gardnerella sp. 3,1,1A2,Overnight 2
D7,7,A,0.633,JCP8017B,Gardnerella sp. 3,1,1A2,Overnight 2
E7,7,B,0.669,JCP8017B,Gardnerella sp. 3,1,1A2,Overnight 2
F7,7,B,0.663,JCP8017B,Gardnerella sp. 3,1,1A2,Overnight 2
G7,7,B,0.661,JCP8017B,Gardnerella sp. 3,1,1A2,Overnight 2
H7,7,B,0.664,JCP8017B,Gardnerella sp. 3,1,1A2,Overnight 2
A8,8,A,0.163,JCP8066,Gardnerella piotii,1,1A2,Overnight 2
B8,8,A,0.168,JCP8066,Gardnerella piotii,1,1A2,Overnight 2
C8,8,A,0.175,JCP8066,Gardnerella piotii,1,1A2,Overnight 2
D8,8,A,0.176,JCP8066,Gardnerella piotii,1,1A2,Overnight 2
E8,8,B,0.251,JCP8066,Gardnerella piotii,1,1A2,Overnight 2
F8,8,B,0.254,JCP8066,Gardnerella piotii,1,1A2,Overnight 2
G8,8,B,0.25,JCP8066,Gardnerella piotii,1,1A2,Overnight 2
H8,8,B,0.25,JCP8066,Gardnerella piotii,1,1A2,Overnight 2
A12,Blank,NA,0.099,NA,NA,NA,1A2,Overnight 2
B12,Blank,NA,0.093,NA,NA,NA,1A2,Overnight 2
C12,Blank,NA,0.092,NA,NA,NA,1A2,Overnight 2
D12,Blank,NA,0.092,NA,NA,NA,1A2,Overnight 2
A9,9,A,0.115,CMW7778B,Gardnerella sp. 12,2,2A2,Overnight 2
B9,9,A,0.131,CMW7778B,Gardnerella sp. 12,2,2A2,Overnight 2
C9,9,A,0.134,CMW7778B,Gardnerella sp. 12,2,2A2,Overnight 2
D9,9,A,0.131,CMW7778B,Gardnerella sp. 12,2,2A2,Overnight 2
E9,9,B,0.102,CMW7778B,Gardnerella sp. 12,2,2A2,Overnight 2
F9,9,B,0.092,CMW7778B,Gardnerella sp. 12,2,2A2,Overnight 2
G9,9,B,0.093,CMW7778B,Gardnerella sp. 12,2,2A2,Overnight 2
H9,9,B,0.09,CMW7778B,Gardnerella sp. 12,2,2A2,Overnight 2
A10,10,A,0.414,AMD,Gardnerella leopoldii,2,2A2,Overnight 2
B10,10,A,0.438,AMD,Gardnerella leopoldii,2,2A2,Overnight 2
C10,10,A,0.435,AMD,Gardnerella leopoldii,2,2A2,Overnight 2
D10,10,A,0.431,AMD,Gardnerella leopoldii,2,2A2,Overnight 2
E10,10,B,0.418,AMD,Gardnerella leopoldii,2,2A2,Overnight 2
F10,10,B,0.418,AMD,Gardnerella leopoldii,2,2A2,Overnight 2
G10,10,B,0.435,AMD,Gardnerella leopoldii,2,2A2,Overnight 2
H10,10,B,0.384,AMD,Gardnerella leopoldii,2,2A2,Overnight 2
A11,11,A,0.102,C0096A1,Gardnerella leopoldii,2,2A2,Overnight 2
B11,11,A,0.129,C0096A1,Gardnerella leopoldii,2,2A2,Overnight 2
C11,11,A,0.129,C0096A1,Gardnerella leopoldii,2,2A2,Overnight 2
D11,11,A,0.126,C0096A1,Gardnerella leopoldii,2,2A2,Overnight 2
E11,11,B,0.258,C0096A1,Gardnerella leopoldii,2,2A2,Overnight 2
F11,11,B,0.283,C0096A1,Gardnerella leopoldii,2,2A2,Overnight 2
G11,11,B,0.263,C0096A1,Gardnerella leopoldii,2,2A2,Overnight 2
H11,11,B,0.254,C0096A1,Gardnerella leopoldii,2,2A2,Overnight 2
A12,Blank,NA,0.099,NA,NA,NA,2A2,Overnight 2
B12,Blank,NA,0.093,NA,NA,NA,2A2,Overnight 2
C12,Blank,NA,0.092,NA,NA,NA,2A2,Overnight 2
D12,Blank,NA,0.092,NA,NA,NA,2A2,Overnight 2
A1,1,A,0.55,C0040C2,Gardnerella sp. 3,1,1B1,Overnight 2
B1,1,A,0.489,C0040C2,Gardnerella sp. 3,1,1B1,Overnight 2
C1,1,A,0.484,C0040C2,Gardnerella sp. 3,1,1B1,Overnight 2
D1,1,A,0.509,C0040C2,Gardnerella sp. 3,1,1B1,Overnight 2
E1,1,B,0.536,C0040C2,Gardnerella sp. 3,1,1B1,Overnight 2
F1,1,B,0.537,C0040C2,Gardnerella sp. 3,1,1B1,Overnight 2
G1,1,B,0.552,C0040C2,Gardnerella sp. 3,1,1B1,Overnight 2
H1,1,B,0.567,C0040C2,Gardnerella sp. 3,1,1B1,Overnight 2
A2,2,A,0.402,C0056B5,Gardnerella sp. 8,1,1B1,Overnight 2
B2,2,A,0.406,C0056B5,Gardnerella sp. 8,1,1B1,Overnight 2
C2,2,A,0.412,C0056B5,Gardnerella sp. 8,1,1B1,Overnight 2
D2,2,A,0.411,C0056B5,Gardnerella sp. 8,1,1B1,Overnight 2
E2,2,B,0.421,C0056B5,Gardnerella sp. 8,1,1B1,Overnight 2
F2,2,B,0.426,C0056B5,Gardnerella sp. 8,1,1B1,Overnight 2
G2,2,B,0.416,C0056B5,Gardnerella sp. 8,1,1B1,Overnight 2
H2,2,B,0.412,C0056B5,Gardnerella sp. 8,1,1B1,Overnight 2
A3,3,A,0.512,Gv101,Gardnerella sp. 8,1,1B1,Overnight 2
B3,3,A,0.511,Gv101,Gardnerella sp. 8,1,1B1,Overnight 2
C3,3,A,0.512,Gv101,Gardnerella sp. 8,1,1B1,Overnight 2
D3,3,A,0.514,Gv101,Gardnerella sp. 8,1,1B1,Overnight 2
E3,3,B,0.499,Gv101,Gardnerella sp. 8,1,1B1,Overnight 2
F3,3,B,0.503,Gv101,Gardnerella sp. 8,1,1B1,Overnight 2
G3,3,B,0.498,Gv101,Gardnerella sp. 8,1,1B1,Overnight 2
H3,3,B,0.501,Gv101,Gardnerella sp. 8,1,1B1,Overnight 2
A4,4,A,0.339,Gv5-1,Gardnerella swidsinskii,1,1B1,Overnight 2
B4,4,A,0.341,Gv5-1,Gardnerella swidsinskii,1,1B1,Overnight 2
C4,4,A,0.34,Gv5-1,Gardnerella swidsinskii,1,1B1,Overnight 2
D4,4,A,0.336,Gv5-1,Gardnerella swidsinskii,1,1B1,Overnight 2
E4,4,B,0.392,Gv5-1,Gardnerella swidsinskii,1,1B1,Overnight 2
F4,4,B,0.396,Gv5-1,Gardnerella swidsinskii,1,1B1,Overnight 2
G4,4,B,0.394,Gv5-1,Gardnerella swidsinskii,1,1B1,Overnight 2
H4,4,B,0.393,Gv5-1,Gardnerella swidsinskii,1,1B1,Overnight 2
A5,5,A,0.561,C0179B4,Gardnerella sp. 7,1,1B1,Overnight 2
B5,5,A,0.553,C0179B4,Gardnerella sp. 7,1,1B1,Overnight 2
C5,5,A,0.556,C0179B4,Gardnerella sp. 7,1,1B1,Overnight 2
D5,5,A,0.55,C0179B4,Gardnerella sp. 7,1,1B1,Overnight 2
E5,5,B,0.602,C0179B4,Gardnerella sp. 7,1,1B1,Overnight 2
F5,5,B,0.602,C0179B4,Gardnerella sp. 7,1,1B1,Overnight 2
G5,5,B,0.594,C0179B4,Gardnerella sp. 7,1,1B1,Overnight 2
H5,5,B,0.6,C0179B4,Gardnerella sp. 7,1,1B1,Overnight 2
A6,6,A,0.224,JCP7275,Gardnerella sp. 2,1,1B1,Overnight 2
B6,6,A,0.224,JCP7275,Gardnerella sp. 2,1,1B1,Overnight 2
C6,6,A,0.228,JCP7275,Gardnerella sp. 2,1,1B1,Overnight 2
D6,6,A,0.227,JCP7275,Gardnerella sp. 2,1,1B1,Overnight 2
E6,6,B,0.237,JCP7275,Gardnerella sp. 2,1,1B1,Overnight 2
F6,6,B,0.234,JCP7275,Gardnerella sp. 2,1,1B1,Overnight 2
G6,6,B,0.244,JCP7275,Gardnerella sp. 2,1,1B1,Overnight 2
H6,6,B,0.234,JCP7275,Gardnerella sp. 2,1,1B1,Overnight 2
A7,7,A,0.112,JCP8108,Gardnerella sp. 2,1,1B1,Overnight 2
B7,7,A,0.111,JCP8108,Gardnerella sp. 2,1,1B1,Overnight 2
C7,7,A,0.111,JCP8108,Gardnerella sp. 2,1,1B1,Overnight 2
D7,7,A,0.112,JCP8108,Gardnerella sp. 2,1,1B1,Overnight 2
E7,7,B,0.314,JCP8108,Gardnerella sp. 2,1,1B1,Overnight 2
F7,7,B,0.311,JCP8108,Gardnerella sp. 2,1,1B1,Overnight 2
G7,7,B,0.303,JCP8108,Gardnerella sp. 2,1,1B1,Overnight 2
H7,7,B,0.302,JCP8108,Gardnerella sp. 2,1,1B1,Overnight 2
A12,Blank,NA,0.049,NA,NA,NA,1B1,Overnight 2
B12,Blank,NA,0.048,NA,NA,NA,1B1,Overnight 2
C12,Blank,NA,0.048,NA,NA,NA,1B1,Overnight 2
D12,Blank,NA,0.049,NA,NA,NA,1B1,Overnight 2
A2,1,A,0.5,C0040C2,Gardnerella sp. 3,1,1B2,Overnight 2
B2,1,A,0.488,C0040C2,Gardnerella sp. 3,1,1B2,Overnight 2
C2,1,A,0.539,C0040C2,Gardnerella sp. 3,1,1B2,Overnight 2
D2,1,A,0.51,C0040C2,Gardnerella sp. 3,1,1B2,Overnight 2
E2,1,B,0.549,C0040C2,Gardnerella sp. 3,1,1B2,Overnight 2
F2,1,B,0.54,C0040C2,Gardnerella sp. 3,1,1B2,Overnight 2
G2,1,B,0.542,C0040C2,Gardnerella sp. 3,1,1B2,Overnight 2
H2,1,B,0.538,C0040C2,Gardnerella sp. 3,1,1B2,Overnight 2
A3,2,A,0.458,C0056B5,Gardnerella sp. 8,1,1B2,Overnight 2
B3,2,A,0.445,C0056B5,Gardnerella sp. 8,1,1B2,Overnight 2
C3,2,A,0.446,C0056B5,Gardnerella sp. 8,1,1B2,Overnight 2
D3,2,A,0.442,C0056B5,Gardnerella sp. 8,1,1B2,Overnight 2
E3,2,B,0.461,C0056B5,Gardnerella sp. 8,1,1B2,Overnight 2
F3,2,B,0.469,C0056B5,Gardnerella sp. 8,1,1B2,Overnight 2
G3,2,B,0.455,C0056B5,Gardnerella sp. 8,1,1B2,Overnight 2
H3,2,B,0.457,C0056B5,Gardnerella sp. 8,1,1B2,Overnight 2
A4,3,A,0.522,Gv101,Gardnerella sp. 8,1,1B2,Overnight 2
B4,3,A,0.511,Gv101,Gardnerella sp. 8,1,1B2,Overnight 2
C4,3,A,0.502,Gv101,Gardnerella sp. 8,1,1B2,Overnight 2
D4,3,A,0.511,Gv101,Gardnerella sp. 8,1,1B2,Overnight 2
E4,3,B,0.514,Gv101,Gardnerella sp. 8,1,1B2,Overnight 2
F4,3,B,0.516,Gv101,Gardnerella sp. 8,1,1B2,Overnight 2
G4,3,B,0.498,Gv101,Gardnerella sp. 8,1,1B2,Overnight 2
H4,3,B,0.52,Gv101,Gardnerella sp. 8,1,1B2,Overnight 2
A5,4,A,0.406,Gv5-1,Gardnerella swidsinskii,1,1B2,Overnight 2
B5,4,A,0.418,Gv5-1,Gardnerella swidsinskii,1,1B2,Overnight 2
C5,4,A,0.403,Gv5-1,Gardnerella swidsinskii,1,1B2,Overnight 2
D5,4,A,0.4,Gv5-1,Gardnerella swidsinskii,1,1B2,Overnight 2
E5,4,B,0.05,Gv5-1,Gardnerella swidsinskii,1,1B2,Overnight 2
F5,4,B,0.052,Gv5-1,Gardnerella swidsinskii,1,1B2,Overnight 2
G5,4,B,0.051,Gv5-1,Gardnerella swidsinskii,1,1B2,Overnight 2
H5,4,B,0.051,Gv5-1,Gardnerella swidsinskii,1,1B2,Overnight 2
A6,5,A,0.617,C0179B4,Gardnerella sp. 7,1,1B2,Overnight 2
B6,5,A,0.611,C0179B4,Gardnerella sp. 7,1,1B2,Overnight 2
C6,5,A,0.613,C0179B4,Gardnerella sp. 7,1,1B2,Overnight 2
D6,5,A,0.613,C0179B4,Gardnerella sp. 7,1,1B2,Overnight 2
E6,5,B,0.609,C0179B4,Gardnerella sp. 7,1,1B2,Overnight 2
F6,5,B,0.61,C0179B4,Gardnerella sp. 7,1,1B2,Overnight 2
G6,5,B,0.618,C0179B4,Gardnerella sp. 7,1,1B2,Overnight 2
H6,5,B,0.617,C0179B4,Gardnerella sp. 7,1,1B2,Overnight 2
A7,6,A,0.227,JCP7275,Gardnerella sp. 2,1,1B2,Overnight 2
B7,6,A,0.228,JCP7275,Gardnerella sp. 2,1,1B2,Overnight 2
C7,6,A,0.226,JCP7275,Gardnerella sp. 2,1,1B2,Overnight 2
D7,6,A,0.227,JCP7275,Gardnerella sp. 2,1,1B2,Overnight 2
E7,6,B,0.189,JCP7275,Gardnerella sp. 2,1,1B2,Overnight 2
F7,6,B,0.19,JCP7275,Gardnerella sp. 2,1,1B2,Overnight 2
G7,6,B,0.186,JCP7275,Gardnerella sp. 2,1,1B2,Overnight 2
H7,6,B,0.185,JCP7275,Gardnerella sp. 2,1,1B2,Overnight 2
A8,7,A,0.117,JCP8108,Gardnerella sp. 2,1,1B2,Overnight 2
B8,7,A,0.112,JCP8108,Gardnerella sp. 2,1,1B2,Overnight 2
C8,7,A,0.113,JCP8108,Gardnerella sp. 2,1,1B2,Overnight 2
D8,7,A,0.113,JCP8108,Gardnerella sp. 2,1,1B2,Overnight 2
E8,7,B,0.138,JCP8108,Gardnerella sp. 2,1,1B2,Overnight 2
F8,7,B,0.123,JCP8108,Gardnerella sp. 2,1,1B2,Overnight 2
G8,7,B,0.122,JCP8108,Gardnerella sp. 2,1,1B2,Overnight 2
H8,7,B,0.12,JCP8108,Gardnerella sp. 2,1,1B2,Overnight 2
A12,Blank,NA,0.048,NA,NA,NA,1B2,Overnight 2
B12,Blank,NA,0.048,NA,NA,NA,1B2,Overnight 2
C12,Blank,NA,0.048,NA,NA,NA,1B2,Overnight 2
D12,Blank,NA,0.048,NA,NA,NA,1B2,Overnight 2
A8,8,A,0.235,C0093B3,Gardnerella piotii,3,3A1,Overnight 2
B8,8,A,0.219,C0093B3,Gardnerella piotii,3,3A1,Overnight 2
C8,8,A,0.228,C0093B3,Gardnerella piotii,3,3A1,Overnight 2
D8,8,A,0.221,C0093B3,Gardnerella piotii,3,3A1,Overnight 2
E8,8,B,0.22,C0093B3,Gardnerella piotii,3,3A1,Overnight 2
F8,8,B,0.223,C0093B3,Gardnerella piotii,3,3A1,Overnight 2
G8,8,B,0.229,C0093B3,Gardnerella piotii,3,3A1,Overnight 2
H8,8,B,0.221,C0093B3,Gardnerella piotii,3,3A1,Overnight 2
A9,9,A,0.336,C0084H9,Gardnerella sp. 2,3,3A1,Overnight 2
B9,9,A,0.337,C0084H9,Gardnerella sp. 2,3,3A1,Overnight 2
C9,9,A,0.336,C0084H9,Gardnerella sp. 2,3,3A1,Overnight 2
D9,9,A,0.338,C0084H9,Gardnerella sp. 2,3,3A1,Overnight 2
E9,9,B,0.232,C0084H9,Gardnerella sp. 2,3,3A1,Overnight 2
F9,9,B,0.24,C0084H9,Gardnerella sp. 2,3,3A1,Overnight 2
G9,9,B,0.245,C0084H9,Gardnerella sp. 2,3,3A1,Overnight 2
H9,9,B,0.238,C0084H9,Gardnerella sp. 2,3,3A1,Overnight 2
A10,10,A,0.207,C0101A1,Gardnerella sp. 11,3,3A1,Overnight 2
B10,10,A,0.21,C0101A1,Gardnerella sp. 11,3,3A1,Overnight 2
C10,10,A,0.203,C0101A1,Gardnerella sp. 11,3,3A1,Overnight 2
D10,10,A,0.198,C0101A1,Gardnerella sp. 11,3,3A1,Overnight 2
E10,10,B,0.153,C0101A1,Gardnerella sp. 11,3,3A1,Overnight 2
F10,10,B,0.16,C0101A1,Gardnerella sp. 11,3,3A1,Overnight 2
G10,10,B,0.177,C0101A1,Gardnerella sp. 11,3,3A1,Overnight 2
H10,10,B,0.154,C0101A1,Gardnerella sp. 11,3,3A1,Overnight 2
A11,11,A,0.362,UM35,Gardnerella piotii,3,3A1,Overnight 2
B11,11,A,0.375,UM35,Gardnerella piotii,3,3A1,Overnight 2
C11,11,A,0.36,UM35,Gardnerella piotii,3,3A1,Overnight 2
D11,11,A,0.348,UM35,Gardnerella piotii,3,3A1,Overnight 2
E11,11,B,0.284,UM35,Gardnerella piotii,3,3A1,Overnight 2
F11,11,B,0.289,UM35,Gardnerella piotii,3,3A1,Overnight 2
G11,11,B,0.286,UM35,Gardnerella piotii,3,3A1,Overnight 2
H11,11,B,0.294,UM35,Gardnerella piotii,3,3A1,Overnight 2
E12,Blank,NA,0.046,NA,NA,NA,3A1,Overnight 2
F12,Blank,NA,0.046,NA,NA,NA,3A1,Overnight 2
G12,Blank,NA,0.046,NA,NA,NA,3A1,Overnight 2
H12,Blank,NA,0.046,NA,NA,NA,3A1,Overnight 2
A1,1,A,0.3148,C0093B3,Gardnerella piotii,3,3A2,Overnight 2
B1,1,A,0.3088,C0093B3,Gardnerella piotii,3,3A2,Overnight 2
C1,1,A,0.3115,C0093B3,Gardnerella piotii,3,3A2,Overnight 2
E1,1,B,0.305,C0093B3,Gardnerella piotii,3,3A2,Overnight 2
F1,1,B,0.3085,C0093B3,Gardnerella piotii,3,3A2,Overnight 2
G1,1,B,0.3047,C0093B3,Gardnerella piotii,3,3A2,Overnight 2
A2,2,A,0.2109,C0084H9,Gardnerella sp. 2,3,3A2,Overnight 2
B2,2,A,0.2112,C0084H9,Gardnerella sp. 2,3,3A2,Overnight 2
C2,2,A,0.2087,C0084H9,Gardnerella sp. 2,3,3A2,Overnight 2
E2,2,B,0.183,C0084H9,Gardnerella sp. 2,3,3A2,Overnight 2
F2,2,B,0.1851,C0084H9,Gardnerella sp. 2,3,3A2,Overnight 2
G2,2,B,0.1859,C0084H9,Gardnerella sp. 2,3,3A2,Overnight 2
A3,3,A,0.4074,C0101A1,Gardnerella sp. 11,3,3A2,Overnight 2
B3,3,A,0.4064,C0101A1,Gardnerella sp. 11,3,3A2,Overnight 2
C3,3,A,0.409,C0101A1,Gardnerella sp. 11,3,3A2,Overnight 2
E3,3,B,0.196,C0101A1,Gardnerella sp. 11,3,3A2,Overnight 2
F3,3,B,0.1957,C0101A1,Gardnerella sp. 11,3,3A2,Overnight 2
G3,3,B,0.1986,C0101A1,Gardnerella sp. 11,3,3A2,Overnight 2
A4,4,A,0.2878,UM35,Gardnerella piotii,3,3A2,Overnight 2
B4,4,A,0.2877,UM35,Gardnerella piotii,3,3A2,Overnight 2
C4,4,A,0.2906,UM35,Gardnerella piotii,3,3A2,Overnight 2
E4,4,B,0.2838,UM35,Gardnerella piotii,3,3A2,Overnight 2
F4,4,B,0.2792,UM35,Gardnerella piotii,3,3A2,Overnight 2
G4,4,B,0.2831,UM35,Gardnerella piotii,3,3A2,Overnight 2
A12,Blank,NA,0.0504,NA,NA,NA,3A2,Overnight 2
B12,Blank,NA,0.0498,NA,NA,NA,3A2,Overnight 2
C12,Blank,NA,0.0512,NA,NA,NA,3A2,Overnight 2
D12,Blank,NA,0.0506,NA,NA,NA,3A2,Overnight 2
A2,1,A,0.287,Gv5-1,Gardnerella swidsinskii,1,1AB3,Overnight 2
B2,1,A,0.288,Gv5-1,Gardnerella swidsinskii,1,1AB3,Overnight 2
C2,1,A,0.286,Gv5-1,Gardnerella swidsinskii,1,1AB3,Overnight 2
D2,1,A,0.283,Gv5-1,Gardnerella swidsinskii,1,1AB3,Overnight 2
E2,1,B,0.259,Gv5-1,Gardnerella swidsinskii,1,1AB3,Overnight 2
F2,1,B,0.261,Gv5-1,Gardnerella swidsinskii,1,1AB3,Overnight 2
G2,1,B,0.261,Gv5-1,Gardnerella swidsinskii,1,1AB3,Overnight 2
H2,1,B,0.254,Gv5-1,Gardnerella swidsinskii,1,1AB3,Overnight 2
A3,2,A,0.643,C0179B4,Gardnerella sp. 7,1,1AB3,Overnight 2
B3,2,A,0.645,C0179B4,Gardnerella sp. 7,1,1AB3,Overnight 2
C3,2,A,0.652,C0179B4,Gardnerella sp. 7,1,1AB3,Overnight 2
D3,2,A,0.639,C0179B4,Gardnerella sp. 7,1,1AB3,Overnight 2
E3,2,B,0.634,C0179B4,Gardnerella sp. 7,1,1AB3,Overnight 2
F3,2,B,0.63,C0179B4,Gardnerella sp. 7,1,1AB3,Overnight 2
G3,2,B,0.635,C0179B4,Gardnerella sp. 7,1,1AB3,Overnight 2
H3,2,B,0.629,C0179B4,Gardnerella sp. 7,1,1AB3,Overnight 2
A4,3,A,0.237,JCP7275,Gardnerella sp. 2,1,1AB3,Overnight 2
B4,3,A,0.238,JCP7275,Gardnerella sp. 2,1,1AB3,Overnight 2
C4,3,A,0.237,JCP7275,Gardnerella sp. 2,1,1AB3,Overnight 2
D4,3,A,0.237,JCP7275,Gardnerella sp. 2,1,1AB3,Overnight 2
E4,3,B,0.243,JCP7275,Gardnerella sp. 2,1,1AB3,Overnight 2
F4,3,B,0.248,JCP7275,Gardnerella sp. 2,1,1AB3,Overnight 2
G4,3,B,0.246,JCP7275,Gardnerella sp. 2,1,1AB3,Overnight 2
H4,3,B,0.242,JCP7275,Gardnerella sp. 2,1,1AB3,Overnight 2
A5,4,A,0.362,JCP8108,Gardnerella sp. 2,1,1AB3,Overnight 2
B5,4,A,0.366,JCP8108,Gardnerella sp. 2,1,1AB3,Overnight 2
C5,4,A,0.364,JCP8108,Gardnerella sp. 2,1,1AB3,Overnight 2
D5,4,A,0.366,JCP8108,Gardnerella sp. 2,1,1AB3,Overnight 2
E5,4,B,0.413,JCP8108,Gardnerella sp. 2,1,1AB3,Overnight 2
F5,4,B,0.417,JCP8108,Gardnerella sp. 2,1,1AB3,Overnight 2
G5,4,B,0.422,JCP8108,Gardnerella sp. 2,1,1AB3,Overnight 2
H5,4,B,0.419,JCP8108,Gardnerella sp. 2,1,1AB3,Overnight 2
A6,5,A,0.379,JCP8066,Gardnerella piotii,1,1AB3,Overnight 2
B6,5,A,0.345,JCP8066,Gardnerella piotii,1,1AB3,Overnight 2
C6,5,A,0.347,JCP8066,Gardnerella piotii,1,1AB3,Overnight 2
D6,5,A,0.343,JCP8066,Gardnerella piotii,1,1AB3,Overnight 2
E6,5,B,0.326,JCP8066,Gardnerella piotii,1,1AB3,Overnight 2
F6,5,B,0.324,JCP8066,Gardnerella piotii,1,1AB3,Overnight 2
G6,5,B,0.332,JCP8066,Gardnerella piotii,1,1AB3,Overnight 2
H6,5,B,0.323,JCP8066,Gardnerella piotii,1,1AB3,Overnight 2
A7,6,A,0.427,C0040C2,Gardnerella sp. 3,1,1AB3,Overnight 2
B7,6,A,0.444,C0040C2,Gardnerella sp. 3,1,1AB3,Overnight 2
C7,6,A,0.446,C0040C2,Gardnerella sp. 3,1,1AB3,Overnight 2
D7,6,A,0.444,C0040C2,Gardnerella sp. 3,1,1AB3,Overnight 2
E7,6,B,0.475,C0040C2,Gardnerella sp. 3,1,1AB3,Overnight 2
F7,6,B,0.497,C0040C2,Gardnerella sp. 3,1,1AB3,Overnight 2
G7,6,B,0.494,C0040C2,Gardnerella sp. 3,1,1AB3,Overnight 2
H7,6,B,0.487,C0040C2,Gardnerella sp. 3,1,1AB3,Overnight 2
A8,7,A,0.074,C0100B2,Gardnerella sp. 10,1,1AB3,Overnight 2
B8,7,A,0.074,C0100B2,Gardnerella sp. 10,1,1AB3,Overnight 2
C8,7,A,0.073,C0100B2,Gardnerella sp. 10,1,1AB3,Overnight 2
D8,7,A,0.074,C0100B2,Gardnerella sp. 10,1,1AB3,Overnight 2
E8,7,B,0.092,C0100B2,Gardnerella sp. 10,1,1AB3,Overnight 2
F8,7,B,0.093,C0100B2,Gardnerella sp. 10,1,1AB3,Overnight 2
G8,7,B,0.093,C0100B2,Gardnerella sp. 10,1,1AB3,Overnight 2
H8,7,B,0.094,C0100B2,Gardnerella sp. 10,1,1AB3,Overnight 2
A9,8,A,0.415,C0102A2,Gardnerella swidsinskii,1,1AB3,Overnight 2
B9,8,A,0.388,C0102A2,Gardnerella swidsinskii,1,1AB3,Overnight 2
C9,8,A,0.39,C0102A2,Gardnerella swidsinskii,1,1AB3,Overnight 2
D9,8,A,0.389,C0102A2,Gardnerella swidsinskii,1,1AB3,Overnight 2
E9,8,B,0.385,C0102A2,Gardnerella swidsinskii,1,1AB3,Overnight 2
F9,8,B,0.384,C0102A2,Gardnerella swidsinskii,1,1AB3,Overnight 2
G9,8,B,0.386,C0102A2,Gardnerella swidsinskii,1,1AB3,Overnight 2
H9,8,B,0.382,C0102A2,Gardnerella swidsinskii,1,1AB3,Overnight 2
A12,Blank,NA,0.047,NA,NA,NA,1AB3,Overnight 2
B12,Blank,NA,0.048,NA,NA,NA,1AB3,Overnight 2
C12,Blank,NA,0.047,NA,NA,NA,1AB3,Overnight 2
D12,Blank,NA,0.048,NA,NA,NA,1AB3,Overnight 2
A2,1,A,0.29,JCP7275,Gardnerella sp. 2,1,1AB4,Overnight 2
B2,1,A,0.286,JCP7275,Gardnerella sp. 2,1,1AB4,Overnight 2
C2,1,A,0.288,JCP7275,Gardnerella sp. 2,1,1AB4,Overnight 2
D2,1,A,0.286,JCP7275,Gardnerella sp. 2,1,1AB4,Overnight 2
E2,1,B,0.123,JCP7275,Gardnerella sp. 2,1,1AB4,Overnight 2
F2,1,B,0.111,JCP7275,Gardnerella sp. 2,1,1AB4,Overnight 2
G2,1,B,0.11,JCP7275,Gardnerella sp. 2,1,1AB4,Overnight 2
H2,1,B,0.11,JCP7275,Gardnerella sp. 2,1,1AB4,Overnight 2
A3,2,A,0.439,JCP8108,Gardnerella sp. 2,1,1AB4,Overnight 2
B3,2,A,0.441,JCP8108,Gardnerella sp. 2,1,1AB4,Overnight 2
C3,2,A,0.436,JCP8108,Gardnerella sp. 2,1,1AB4,Overnight 2
D3,2,A,0.434,JCP8108,Gardnerella sp. 2,1,1AB4,Overnight 2
E3,2,B,0.447,JCP8108,Gardnerella sp. 2,1,1AB4,Overnight 2
F3,2,B,0.455,JCP8108,Gardnerella sp. 2,1,1AB4,Overnight 2
G3,2,B,0.458,JCP8108,Gardnerella sp. 2,1,1AB4,Overnight 2
H3,2,B,0.454,JCP8108,Gardnerella sp. 2,1,1AB4,Overnight 2
A4,3,A,0.288,C0100B2,Gardnerella sp. 10,1,1AB4,Overnight 2
B4,3,A,0.286,C0100B2,Gardnerella sp. 10,1,1AB4,Overnight 2
C4,3,A,0.283,C0100B2,Gardnerella sp. 10,1,1AB4,Overnight 2
D4,3,A,0.279,C0100B2,Gardnerella sp. 10,1,1AB4,Overnight 2
E4,3,B,0.335,C0100B2,Gardnerella sp. 10,1,1AB4,Overnight 2
F4,3,B,0.346,C0100B2,Gardnerella sp. 10,1,1AB4,Overnight 2
G4,3,B,0.34,C0100B2,Gardnerella sp. 10,1,1AB4,Overnight 2
H4,3,B,0.334,C0100B2,Gardnerella sp. 10,1,1AB4,Overnight 2
A12,Blank,NA,0.049,NA,NA,NA,1AB4,Overnight 2
B12,Blank,NA,0.051,NA,NA,NA,1AB4,Overnight 2
C12,Blank,NA,0.052,NA,NA,NA,1AB4,Overnight 2
D12,Blank,NA,0.051,NA,NA,NA,1AB4,Overnight 2
A5,4,A,0.108,C0096A1,Gardnerella leopoldii,2,2A3,Overnight 2
B5,4,A,0.109,C0096A1,Gardnerella leopoldii,2,2A3,Overnight 2
C5,4,A,0.112,C0096A1,Gardnerella leopoldii,2,2A3,Overnight 2
D5,4,A,0.111,C0096A1,Gardnerella leopoldii,2,2A3,Overnight 2
E5,4,B,0.206,C0096A1,Gardnerella leopoldii,2,2A3,Overnight 2
F5,4,B,0.201,C0096A1,Gardnerella leopoldii,2,2A3,Overnight 2
G5,4,B,0.203,C0096A1,Gardnerella leopoldii,2,2A3,Overnight 2
H5,4,B,0.203,C0096A1,Gardnerella leopoldii,2,2A3,Overnight 2
A6,5,A,0.154,CMW7778B,Gardnerella sp. 12,2,2A3,Overnight 2
B6,5,A,0.153,CMW7778B,Gardnerella sp. 12,2,2A3,Overnight 2
C6,5,A,0.154,CMW7778B,Gardnerella sp. 12,2,2A3,Overnight 2
D6,5,A,0.152,CMW7778B,Gardnerella sp. 12,2,2A3,Overnight 2
E6,5,B,0.216,CMW7778B,Gardnerella sp. 12,2,2A3,Overnight 2
F6,5,B,0.22,CMW7778B,Gardnerella sp. 12,2,2A3,Overnight 2
G6,5,B,0.22,CMW7778B,Gardnerella sp. 12,2,2A3,Overnight 2
H6,5,B,0.218,CMW7778B,Gardnerella sp. 12,2,2A3,Overnight 2
A7,6,A,0.103,CMW7778B,Gardnerella sp. 12,2,2A3,Overnight 2
B7,6,A,0.104,CMW7778B,Gardnerella sp. 12,2,2A3,Overnight 2
C7,6,A,0.104,CMW7778B,Gardnerella sp. 12,2,2A3,Overnight 2
D7,6,A,0.104,CMW7778B,Gardnerella sp. 12,2,2A3,Overnight 2
E7,6,B,0.121,CMW7778B,Gardnerella sp. 12,2,2A3,Overnight 2
F7,6,B,0.12,CMW7778B,Gardnerella sp. 12,2,2A3,Overnight 2
G7,6,B,0.122,CMW7778B,Gardnerella sp. 12,2,2A3,Overnight 2
H7,6,B,0.123,CMW7778B,Gardnerella sp. 12,2,2A3,Overnight 2
A12,Blank,NA,0.049,NA,NA,NA,2A3,Overnight 2
B12,Blank,NA,0.051,NA,NA,NA,2A3,Overnight 2
C12,Blank,NA,0.052,NA,NA,NA,2A3,Overnight 2
D12,Blank,NA,0.051,NA,NA,NA,2A3,Overnight 2
A2,1,A,0.361,UM35,Gardnerella piotii,3,3A3,Overnight 2
B2,1,A,0.362,UM35,Gardnerella piotii,3,3A3,Overnight 2
C2,1,A,0.365,UM35,Gardnerella piotii,3,3A3,Overnight 2
D2,1,A,0.364,UM35,Gardnerella piotii,3,3A3,Overnight 2
E2,1,B,0.351,UM35,Gardnerella piotii,3,3A3,Overnight 2
F2,1,B,0.352,UM35,Gardnerella piotii,3,3A3,Overnight 2
G2,1,B,0.353,UM35,Gardnerella piotii,3,3A3,Overnight 2
H2,1,B,0.353,UM35,Gardnerella piotii,3,3A3,Overnight 2
A3,2,A,0.362,UM35,Gardnerella piotii,3,3A3,Overnight 2
B3,2,A,0.365,UM35,Gardnerella piotii,3,3A3,Overnight 2
C3,2,A,0.366,UM35,Gardnerella piotii,3,3A3,Overnight 2
D3,2,A,0.361,UM35,Gardnerella piotii,3,3A3,Overnight 2
E3,2,B,0.348,UM35,Gardnerella piotii,3,3A3,Overnight 2
F3,2,B,0.35,UM35,Gardnerella piotii,3,3A3,Overnight 2
G3,2,B,0.352,UM35,Gardnerella piotii,3,3A3,Overnight 2
H3,2,B,0.355,UM35,Gardnerella piotii,3,3A3,Overnight 2
A4,3,A,0.213,C0084H9,Gardnerella sp. 2,3,3A3,Overnight 2
B4,3,A,0.214,C0084H9,Gardnerella sp. 2,3,3A3,Overnight 2
C4,3,A,0.215,C0084H9,Gardnerella sp. 2,3,3A3,Overnight 2
D4,3,A,0.211,C0084H9,Gardnerella sp. 2,3,3A3,Overnight 2
E4,3,B,0.366,C0084H9,Gardnerella sp. 2,3,3A3,Overnight 2
F4,3,B,0.375,C0084H9,Gardnerella sp. 2,3,3A3,Overnight 2
G4,3,B,0.372,C0084H9,Gardnerella sp. 2,3,3A3,Overnight 2
H4,3,B,0.377,C0084H9,Gardnerella sp. 2,3,3A3,Overnight 2
A5,4,A,0.344,C0093B3,Gardnerella piotii,3,3A3,Overnight 2
B5,4,A,0.345,C0093B3,Gardnerella piotii,3,3A3,Overnight 2
C5,4,A,0.342,C0093B3,Gardnerella piotii,3,3A3,Overnight 2
D5,4,A,0.343,C0093B3,Gardnerella piotii,3,3A3,Overnight 2
E5,4,B,0.357,C0093B3,Gardnerella piotii,3,3A3,Overnight 2
F5,4,B,0.363,C0093B3,Gardnerella piotii,3,3A3,Overnight 2
G5,4,B,0.371,C0093B3,Gardnerella piotii,3,3A3,Overnight 2
H5,4,B,0.368,C0093B3,Gardnerella piotii,3,3A3,Overnight 2
A12,Blank,NA,0.052,NA,NA,NA,3A3,Overnight 2
B12,Blank,NA,0.053,NA,NA,NA,3A3,Overnight 2
C12,Blank,NA,0.054,NA,NA,NA,3A3,Overnight 2
D12,Blank,NA,0.052,NA,NA,NA,3A3,Overnight 2
A2,1,A,0.11,C0011E4,Gardnerella vaginalis,1,1A1,Mid Log
B2,1,A,0.119,C0011E4,Gardnerella vaginalis,1,1A1,Mid Log
C2,1,A,0.116,C0011E4,Gardnerella vaginalis,1,1A1,Mid Log
D2,1,A,0.12,C0011E4,Gardnerella vaginalis,1,1A1,Mid Log
E2,1,B,0.165,C0011E4,Gardnerella vaginalis,1,1A1,Mid Log
F2,1,B,0.168,C0011E4,Gardnerella vaginalis,1,1A1,Mid Log
G2,1,B,0.175,C0011E4,Gardnerella vaginalis,1,1A1,Mid Log
H2,1,B,0.177,C0011E4,Gardnerella vaginalis,1,1A1,Mid Log
A3,2,A,0.112,UM224,Gardnerella swidsinskii,1,1A1,Mid Log
B3,2,A,0.109,UM224,Gardnerella swidsinskii,1,1A1,Mid Log
C3,2,A,0.107,UM224,Gardnerella swidsinskii,1,1A1,Mid Log
D3,2,A,0.108,UM224,Gardnerella swidsinskii,1,1A1,Mid Log
E3,2,B,0.115,UM224,Gardnerella swidsinskii,1,1A1,Mid Log
F3,2,B,0.106,UM224,Gardnerella swidsinskii,1,1A1,Mid Log
G3,2,B,0.116,UM224,Gardnerella swidsinskii,1,1A1,Mid Log
H3,2,B,0.119,UM224,Gardnerella swidsinskii,1,1A1,Mid Log
A4,3,A,0.103,14018,Gardnerella vaginalis,1,1A1,Mid Log
B4,3,A,0.109,14018,Gardnerella vaginalis,1,1A1,Mid Log
C4,3,A,0.109,14018,Gardnerella vaginalis,1,1A1,Mid Log
D4,3,A,0.11,14018,Gardnerella vaginalis,1,1A1,Mid Log
E4,3,B,0.101,14018,Gardnerella vaginalis,1,1A1,Mid Log
F4,3,B,0.098,14018,Gardnerella vaginalis,1,1A1,Mid Log
G4,3,B,0.102,14018,Gardnerella vaginalis,1,1A1,Mid Log
H4,3,B,0.105,14018,Gardnerella vaginalis,1,1A1,Mid Log
A5,4,A,0.213,C0102A2,Gardnerella swidsinskii,1,1A1,Mid Log
B5,4,A,0.202,C0102A2,Gardnerella swidsinskii,1,1A1,Mid Log
C5,4,A,0.228,C0102A2,Gardnerella swidsinskii,1,1A1,Mid Log
D5,4,A,0.215,C0102A2,Gardnerella swidsinskii,1,1A1,Mid Log
E5,4,B,0.106,C0102A2,Gardnerella swidsinskii,1,1A1,Mid Log
F5,4,B,0.095,C0102A2,Gardnerella swidsinskii,1,1A1,Mid Log
G5,4,B,0.1,C0102A2,Gardnerella swidsinskii,1,1A1,Mid Log
H5,4,B,0.11,C0102A2,Gardnerella swidsinskii,1,1A1,Mid Log
A6,5,A,0.182,C0100B2,Gardnerella sp. 10,1,1A1,Mid Log
B6,5,A,0.187,C0100B2,Gardnerella sp. 10,1,1A1,Mid Log
C6,5,A,0.173,C0100B2,Gardnerella sp. 10,1,1A1,Mid Log
D6,5,A,0.179,C0100B2,Gardnerella sp. 10,1,1A1,Mid Log
A7,6,A,0.172,315-A,Gardnerella vaginalis,1,1A1,Mid Log
B7,6,A,0.177,315-A,Gardnerella vaginalis,1,1A1,Mid Log
C7,6,A,0.16,315-A,Gardnerella vaginalis,1,1A1,Mid Log
D7,6,A,0.17,315-A,Gardnerella vaginalis,1,1A1,Mid Log
E7,6,B,0.157,315-A,Gardnerella vaginalis,1,1A1,Mid Log
F7,6,B,0.159,315-A,Gardnerella vaginalis,1,1A1,Mid Log
G7,6,B,0.166,315-A,Gardnerella vaginalis,1,1A1,Mid Log
H7,6,B,0.174,315-A,Gardnerella vaginalis,1,1A1,Mid Log
A8,7,A,0.24,JCP8017B,Gardnerella sp. 3,1,1A1,Mid Log
B8,7,A,0.235,JCP8017B,Gardnerella sp. 3,1,1A1,Mid Log
C8,7,A,0.236,JCP8017B,Gardnerella sp. 3,1,1A1,Mid Log
D8,7,A,0.248,JCP8017B,Gardnerella sp. 3,1,1A1,Mid Log
E8,7,B,0.23,JCP8017B,Gardnerella sp. 3,1,1A1,Mid Log
F8,7,B,0.239,JCP8017B,Gardnerella sp. 3,1,1A1,Mid Log
G8,7,B,0.236,JCP8017B,Gardnerella sp. 3,1,1A1,Mid Log
H8,7,B,0.25,JCP8017B,Gardnerella sp. 3,1,1A1,Mid Log
A9,8,A,0.139,JCP8066,Gardnerella piotii,1,1A1,Mid Log
B9,8,A,0.136,JCP8066,Gardnerella piotii,1,1A1,Mid Log
C9,8,A,0.135,JCP8066,Gardnerella piotii,1,1A1,Mid Log
D9,8,A,0.139,JCP8066,Gardnerella piotii,1,1A1,Mid Log
E9,8,B,0.131,JCP8066,Gardnerella piotii,1,1A1,Mid Log
F9,8,B,0.132,JCP8066,Gardnerella piotii,1,1A1,Mid Log
G9,8,B,0.139,JCP8066,Gardnerella piotii,1,1A1,Mid Log
H9,8,B,0.139,JCP8066,Gardnerella piotii,1,1A1,Mid Log
A12,Blank,NA,0.051,NA,NA,NA,1A1,Mid Log
B12,Blank,NA,0.05,NA,NA,NA,1A1,Mid Log
C12,Blank,NA,0.051,NA,NA,NA,1A1,Mid Log
D12,Blank,NA,0.052,NA,NA,NA,1A1,Mid Log
A2,9,A,0.058,CMW7778B,Gardnerella sp. 12,2,2A1,Mid Log
B2,9,A,0.059,CMW7778B,Gardnerella sp. 12,2,2A1,Mid Log
C2,9,A,0.056,CMW7778B,Gardnerella sp. 12,2,2A1,Mid Log
D2,9,A,0.06,CMW7778B,Gardnerella sp. 12,2,2A1,Mid Log
E2,9,B,0.06,CMW7778B,Gardnerella sp. 12,2,2A1,Mid Log
F2,9,B,0.061,CMW7778B,Gardnerella sp. 12,2,2A1,Mid Log
G2,9,B,0.064,CMW7778B,Gardnerella sp. 12,2,2A1,Mid Log
H2,9,B,0.061,CMW7778B,Gardnerella sp. 12,2,2A1,Mid Log
A3,10,A,0.111,AMD,Gardnerella leopoldii,2,2A1,Mid Log
B3,10,A,0.127,AMD,Gardnerella leopoldii,2,2A1,Mid Log
C3,10,A,0.123,AMD,Gardnerella leopoldii,2,2A1,Mid Log
D3,10,A,0.125,AMD,Gardnerella leopoldii,2,2A1,Mid Log
E3,10,B,0.108,AMD,Gardnerella leopoldii,2,2A1,Mid Log
F3,10,B,0.112,AMD,Gardnerella leopoldii,2,2A1,Mid Log
G3,10,B,0.111,AMD,Gardnerella leopoldii,2,2A1,Mid Log
H3,10,B,0.106,AMD,Gardnerella leopoldii,2,2A1,Mid Log
A4,11,A,0.273,C0096A1,Gardnerella leopoldii,2,2A1,Mid Log
B4,11,A,0.291,C0096A1,Gardnerella leopoldii,2,2A1,Mid Log
C4,11,A,0.293,C0096A1,Gardnerella leopoldii,2,2A1,Mid Log
D4,11,A,0.296,C0096A1,Gardnerella leopoldii,2,2A1,Mid Log
E4,11,B,0.278,C0096A1,Gardnerella leopoldii,2,2A1,Mid Log
F4,11,B,0.268,C0096A1,Gardnerella leopoldii,2,2A1,Mid Log
G4,11,B,0.277,C0096A1,Gardnerella leopoldii,2,2A1,Mid Log
H4,11,B,0.292,C0096A1,Gardnerella leopoldii,2,2A1,Mid Log
A12,Blank,NA,0.049,NA,NA,NA,2A1,Mid Log
B12,Blank,NA,0.049,NA,NA,NA,2A1,Mid Log
C12,Blank,NA,0.049,NA,NA,NA,2A1,Mid Log
D12,Blank,NA,0.049,NA,NA,NA,2A1,Mid Log
A2,1,A,0.22,C0011E4,Gardnerella vaginalis,1,1A2,Mid Log
B2,1,A,0.222,C0011E4,Gardnerella vaginalis,1,1A2,Mid Log
C2,1,A,0.227,C0011E4,Gardnerella vaginalis,1,1A2,Mid Log
D2,1,A,0.232,C0011E4,Gardnerella vaginalis,1,1A2,Mid Log
E2,1,B,0.231,C0011E4,Gardnerella vaginalis,1,1A2,Mid Log
F2,1,B,0.231,C0011E4,Gardnerella vaginalis,1,1A2,Mid Log
G2,1,B,0.237,C0011E4,Gardnerella vaginalis,1,1A2,Mid Log
H2,1,B,0.239,C0011E4,Gardnerella vaginalis,1,1A2,Mid Log
A3,2,A,0.122,UM224,Gardnerella swidsinskii,1,1A2,Mid Log
B3,2,A,0.119,UM224,Gardnerella swidsinskii,1,1A2,Mid Log
C3,2,A,0.112,UM224,Gardnerella swidsinskii,1,1A2,Mid Log
D3,2,A,0.11,UM224,Gardnerella swidsinskii,1,1A2,Mid Log
E3,2,B,0.104,UM224,Gardnerella swidsinskii,1,1A2,Mid Log
F3,2,B,0.109,UM224,Gardnerella swidsinskii,1,1A2,Mid Log
G3,2,B,0.106,UM224,Gardnerella swidsinskii,1,1A2,Mid Log
H3,2,B,0.114,UM224,Gardnerella swidsinskii,1,1A2,Mid Log
A4,3,A,0.1,14018,Gardnerella vaginalis,1,1A2,Mid Log
B4,3,A,0.111,14018,Gardnerella vaginalis,1,1A2,Mid Log
C4,3,A,0.11,14018,Gardnerella vaginalis,1,1A2,Mid Log
D4,3,A,0.109,14018,Gardnerella vaginalis,1,1A2,Mid Log
E4,3,B,0.102,14018,Gardnerella vaginalis,1,1A2,Mid Log
F4,3,B,0.107,14018,Gardnerella vaginalis,1,1A2,Mid Log
G4,3,B,0.11,14018,Gardnerella vaginalis,1,1A2,Mid Log
H4,3,B,0.107,14018,Gardnerella vaginalis,1,1A2,Mid Log
A5,4,A,0.121,C0102A2,Gardnerella swidsinskii,1,1A2,Mid Log
B5,4,A,0.109,C0102A2,Gardnerella swidsinskii,1,1A2,Mid Log
C5,4,A,0.106,C0102A2,Gardnerella swidsinskii,1,1A2,Mid Log
D5,4,A,0.107,C0102A2,Gardnerella swidsinskii,1,1A2,Mid Log
E5,4,B,0.092,C0102A2,Gardnerella swidsinskii,1,1A2,Mid Log
F5,4,B,0.094,C0102A2,Gardnerella swidsinskii,1,1A2,Mid Log
G5,4,B,0.117,C0102A2,Gardnerella swidsinskii,1,1A2,Mid Log
H5,4,B,0.13,C0102A2,Gardnerella swidsinskii,1,1A2,Mid Log
A6,5,A,0.221,C0100B2,Gardnerella sp. 10,1,1A2,Mid Log
B6,5,A,0.217,C0100B2,Gardnerella sp. 10,1,1A2,Mid Log
C6,5,A,0.201,C0100B2,Gardnerella sp. 10,1,1A2,Mid Log
D6,5,A,0.194,C0100B2,Gardnerella sp. 10,1,1A2,Mid Log
E6,5,B,0.137,C0100B2,Gardnerella sp. 10,1,1A2,Mid Log
F6,5,B,0.146,C0100B2,Gardnerella sp. 10,1,1A2,Mid Log
G6,5,B,0.177,C0100B2,Gardnerella sp. 10,1,1A2,Mid Log
H6,5,B,0.17,C0100B2,Gardnerella sp. 10,1,1A2,Mid Log
A7,6,A,0.178,315-A,Gardnerella vaginalis,1,1A2,Mid Log
B7,6,A,0.175,315-A,Gardnerella vaginalis,1,1A2,Mid Log
C7,6,A,0.163,315-A,Gardnerella vaginalis,1,1A2,Mid Log
D7,6,A,0.155,315-A,Gardnerella vaginalis,1,1A2,Mid Log
E7,6,B,0.146,315-A,Gardnerella vaginalis,1,1A2,Mid Log
F7,6,B,0.159,315-A,Gardnerella vaginalis,1,1A2,Mid Log
G7,6,B,0.163,315-A,Gardnerella vaginalis,1,1A2,Mid Log
H7,6,B,0.17,315-A,Gardnerella vaginalis,1,1A2,Mid Log
A8,7,A,0.189,JCP8017B,Gardnerella sp. 3,1,1A2,Mid Log
B8,7,A,0.19,JCP8017B,Gardnerella sp. 3,1,1A2,Mid Log
C8,7,A,0.175,JCP8017B,Gardnerella sp. 3,1,1A2,Mid Log
D8,7,A,0.176,JCP8017B,Gardnerella sp. 3,1,1A2,Mid Log
E8,7,B,0.167,JCP8017B,Gardnerella sp. 3,1,1A2,Mid Log
F8,7,B,0.168,JCP8017B,Gardnerella sp. 3,1,1A2,Mid Log
G8,7,B,0.172,JCP8017B,Gardnerella sp. 3,1,1A2,Mid Log
H8,7,B,0.189,JCP8017B,Gardnerella sp. 3,1,1A2,Mid Log
A9,8,A,0.069,JCP8066,Gardnerella piotii,1,1A2,Mid Log
B9,8,A,0.067,JCP8066,Gardnerella piotii,1,1A2,Mid Log
C9,8,A,0.066,JCP8066,Gardnerella piotii,1,1A2,Mid Log
D9,8,A,0.065,JCP8066,Gardnerella piotii,1,1A2,Mid Log
E9,8,B,0.106,JCP8066,Gardnerella piotii,1,1A2,Mid Log
F9,8,B,0.103,JCP8066,Gardnerella piotii,1,1A2,Mid Log
G9,8,B,0.11,JCP8066,Gardnerella piotii,1,1A2,Mid Log
H9,8,B,0.119,JCP8066,Gardnerella piotii,1,1A2,Mid Log
B12,Blank,NA,0.051,NA,NA,NA,1A2,Mid Log
C12,Blank,NA,0.05,NA,NA,NA,1A2,Mid Log
D12,Blank,NA,0.05,NA,NA,NA,1A2,Mid Log
A2,9,A,0.059,CMW7778B,Gardnerella sp. 12,2,2A2,Mid Log
B2,9,A,0.057,CMW7778B,Gardnerella sp. 12,2,2A2,Mid Log
C2,9,A,0.06,CMW7778B,Gardnerella sp. 12,2,2A2,Mid Log
D2,9,A,0.057,CMW7778B,Gardnerella sp. 12,2,2A2,Mid Log
E2,9,B,0.052,CMW7778B,Gardnerella sp. 12,2,2A2,Mid Log
F2,9,B,0.056,CMW7778B,Gardnerella sp. 12,2,2A2,Mid Log
G2,9,B,0.058,CMW7778B,Gardnerella sp. 12,2,2A2,Mid Log
H2,9,B,0.058,CMW7778B,Gardnerella sp. 12,2,2A2,Mid Log
A3,10,A,0.129,AMD,Gardnerella leopoldii,2,2A2,Mid Log
B3,10,A,0.13,AMD,Gardnerella leopoldii,2,2A2,Mid Log
C3,10,A,0.14,AMD,Gardnerella leopoldii,2,2A2,Mid Log
D3,10,A,0.127,AMD,Gardnerella leopoldii,2,2A2,Mid Log
E3,10,B,0.132,AMD,Gardnerella leopoldii,2,2A2,Mid Log
F3,10,B,0.137,AMD,Gardnerella leopoldii,2,2A2,Mid Log
G3,10,B,0.14,AMD,Gardnerella leopoldii,2,2A2,Mid Log
H3,10,B,0.148,AMD,Gardnerella leopoldii,2,2A2,Mid Log
A4,11,A,0.069,C0096A1,Gardnerella leopoldii,2,2A2,Mid Log
B4,11,A,0.065,C0096A1,Gardnerella leopoldii,2,2A2,Mid Log
C4,11,A,0.07,C0096A1,Gardnerella leopoldii,2,2A2,Mid Log
D4,11,A,0.067,C0096A1,Gardnerella leopoldii,2,2A2,Mid Log
E4,11,B,0.19,C0096A1,Gardnerella leopoldii,2,2A2,Mid Log
F4,11,B,0.197,C0096A1,Gardnerella leopoldii,2,2A2,Mid Log
G4,11,B,0.194,C0096A1,Gardnerella leopoldii,2,2A2,Mid Log
H4,11,B,0.204,C0096A1,Gardnerella leopoldii,2,2A2,Mid Log
A12,Blank,NA,0.049,NA,NA,NA,2A2,Mid Log
B12,Blank,NA,0.049,NA,NA,NA,2A2,Mid Log
C12,Blank,NA,0.049,NA,NA,NA,2A2,Mid Log
D12,Blank,NA,0.049,NA,NA,NA,2A2,Mid Log
A2,1,A,0.139,C0040C2,Gardnerella sp. 3,1,1B1,Mid Log
B2,1,A,0.122,C0040C2,Gardnerella sp. 3,1,1B1,Mid Log
C2,1,A,0.131,C0040C2,Gardnerella sp. 3,1,1B1,Mid Log
D2,1,A,0.133,C0040C2,Gardnerella sp. 3,1,1B1,Mid Log
E2,1,B,0.13,C0040C2,Gardnerella sp. 3,1,1B1,Mid Log
F2,1,B,0.135,C0040C2,Gardnerella sp. 3,1,1B1,Mid Log
G2,1,B,0.125,C0040C2,Gardnerella sp. 3,1,1B1,Mid Log
H2,1,B,0.15,C0040C2,Gardnerella sp. 3,1,1B1,Mid Log
A3,2,A,0.128,C0056B5,Gardnerella sp. 8,1,1B1,Mid Log
B3,2,A,0.112,C0056B5,Gardnerella sp. 8,1,1B1,Mid Log
C3,2,A,0.119,C0056B5,Gardnerella sp. 8,1,1B1,Mid Log
D3,2,A,0.124,C0056B5,Gardnerella sp. 8,1,1B1,Mid Log
E3,2,B,0.108,C0056B5,Gardnerella sp. 8,1,1B1,Mid Log
F3,2,B,0.13,C0056B5,Gardnerella sp. 8,1,1B1,Mid Log
G3,2,B,0.125,C0056B5,Gardnerella sp. 8,1,1B1,Mid Log
H3,2,B,0.132,C0056B5,Gardnerella sp. 8,1,1B1,Mid Log
A4,3,A,0.132,Gv101,Gardnerella sp. 8,1,1B1,Mid Log
B4,3,A,0.14,Gv101,Gardnerella sp. 8,1,1B1,Mid Log
C4,3,A,0.127,Gv101,Gardnerella sp. 8,1,1B1,Mid Log
D4,3,A,0.134,Gv101,Gardnerella sp. 8,1,1B1,Mid Log
E4,3,B,0.168,Gv101,Gardnerella sp. 8,1,1B1,Mid Log
F4,3,B,0.156,Gv101,Gardnerella sp. 8,1,1B1,Mid Log
G4,3,B,0.179,Gv101,Gardnerella sp. 8,1,1B1,Mid Log
H4,3,B,0.171,Gv101,Gardnerella sp. 8,1,1B1,Mid Log
A5,4,A,0.11,Gv5-1,Gardnerella swidsinskii,1,1B1,Mid Log
B5,4,A,0.099,Gv5-1,Gardnerella swidsinskii,1,1B1,Mid Log
C5,4,A,0.105,Gv5-1,Gardnerella swidsinskii,1,1B1,Mid Log
D5,4,A,0.102,Gv5-1,Gardnerella swidsinskii,1,1B1,Mid Log
E5,4,B,0.106,Gv5-1,Gardnerella swidsinskii,1,1B1,Mid Log
F5,4,B,0.106,Gv5-1,Gardnerella swidsinskii,1,1B1,Mid Log
G5,4,B,0.107,Gv5-1,Gardnerella swidsinskii,1,1B1,Mid Log
H5,4,B,0.108,Gv5-1,Gardnerella swidsinskii,1,1B1,Mid Log
A6,5,A,0.196,C0179B4,Gardnerella sp. 7,1,1B1,Mid Log
B6,5,A,0.197,C0179B4,Gardnerella sp. 7,1,1B1,Mid Log
C6,5,A,0.186,C0179B4,Gardnerella sp. 7,1,1B1,Mid Log
D6,5,A,0.185,C0179B4,Gardnerella sp. 7,1,1B1,Mid Log
E6,5,B,0.189,C0179B4,Gardnerella sp. 7,1,1B1,Mid Log
F6,5,B,0.191,C0179B4,Gardnerella sp. 7,1,1B1,Mid Log
G6,5,B,0.199,C0179B4,Gardnerella sp. 7,1,1B1,Mid Log
H6,5,B,0.208,C0179B4,Gardnerella sp. 7,1,1B1,Mid Log
A7,6,A,0.082,JCP7275,Gardnerella sp. 2,1,1B1,Mid Log
B7,6,A,0.077,JCP7275,Gardnerella sp. 2,1,1B1,Mid Log
C7,6,A,0.082,JCP7275,Gardnerella sp. 2,1,1B1,Mid Log
D7,6,A,0.087,JCP7275,Gardnerella sp. 2,1,1B1,Mid Log
E7,6,B,0.119,JCP7275,Gardnerella sp. 2,1,1B1,Mid Log
F7,6,B,0.093,JCP7275,Gardnerella sp. 2,1,1B1,Mid Log
G7,6,B,0.092,JCP7275,Gardnerella sp. 2,1,1B1,Mid Log
H7,6,B,0.095,JCP7275,Gardnerella sp. 2,1,1B1,Mid Log
A8,7,A,0.082,JCP8108,Gardnerella sp. 2,1,1B1,Mid Log
B8,7,A,0.076,JCP8108,Gardnerella sp. 2,1,1B1,Mid Log
C8,7,A,0.076,JCP8108,Gardnerella sp. 2,1,1B1,Mid Log
D8,7,A,0.079,JCP8108,Gardnerella sp. 2,1,1B1,Mid Log
E8,7,B,0.113,JCP8108,Gardnerella sp. 2,1,1B1,Mid Log
F8,7,B,0.121,JCP8108,Gardnerella sp. 2,1,1B1,Mid Log
G8,7,B,0.123,JCP8108,Gardnerella sp. 2,1,1B1,Mid Log
H8,7,B,0.122,JCP8108,Gardnerella sp. 2,1,1B1,Mid Log
A12,Blank,NA,0.052,NA,NA,NA,1B1,Mid Log
B12,Blank,NA,0.049,NA,NA,NA,1B1,Mid Log
C12,Blank,NA,0.049,NA,NA,NA,1B1,Mid Log
D12,Blank,NA,0.048,NA,NA,NA,1B1,Mid Log
A2,1,A,0.133,C0040C2,Gardnerella sp. 3,1,1B2,Mid Log
B2,1,A,0.131,C0040C2,Gardnerella sp. 3,1,1B2,Mid Log
C2,1,A,0.143,C0040C2,Gardnerella sp. 3,1,1B2,Mid Log
D2,1,A,0.136,C0040C2,Gardnerella sp. 3,1,1B2,Mid Log
E2,1,B,0.154,C0040C2,Gardnerella sp. 3,1,1B2,Mid Log
F2,1,B,0.153,C0040C2,Gardnerella sp. 3,1,1B2,Mid Log
G2,1,B,0.152,C0040C2,Gardnerella sp. 3,1,1B2,Mid Log
H2,1,B,0.154,C0040C2,Gardnerella sp. 3,1,1B2,Mid Log
A3,2,A,0.143,C0056B5,Gardnerella sp. 8,1,1B2,Mid Log
B3,2,A,0.12,C0056B5,Gardnerella sp. 8,1,1B2,Mid Log
C3,2,A,0.112,C0056B5,Gardnerella sp. 8,1,1B2,Mid Log
D3,2,A,0.119,C0056B5,Gardnerella sp. 8,1,1B2,Mid Log
E3,2,B,0.115,C0056B5,Gardnerella sp. 8,1,1B2,Mid Log
F3,2,B,0.119,C0056B5,Gardnerella sp. 8,1,1B2,Mid Log
G3,2,B,0.141,C0056B5,Gardnerella sp. 8,1,1B2,Mid Log
H3,2,B,0.136,C0056B5,Gardnerella sp. 8,1,1B2,Mid Log
A4,3,A,0.224,Gv101,Gardnerella sp. 8,1,1B2,Mid Log
B4,3,A,0.191,Gv101,Gardnerella sp. 8,1,1B2,Mid Log
C4,3,A,0.168,Gv101,Gardnerella sp. 8,1,1B2,Mid Log
D4,3,A,0.206,Gv101,Gardnerella sp. 8,1,1B2,Mid Log
E4,3,B,0.152,Gv101,Gardnerella sp. 8,1,1B2,Mid Log
F4,3,B,0.154,Gv101,Gardnerella sp. 8,1,1B2,Mid Log
G4,3,B,0.162,Gv101,Gardnerella sp. 8,1,1B2,Mid Log
H4,3,B,0.173,Gv101,Gardnerella sp. 8,1,1B2,Mid Log
A5,4,A,0.133,Gv5-1,Gardnerella swidsinskii,1,1B2,Mid Log
B5,4,A,0.105,Gv5-1,Gardnerella swidsinskii,1,1B2,Mid Log
C5,4,A,0.11,Gv5-1,Gardnerella swidsinskii,1,1B2,Mid Log
D5,4,A,0.108,Gv5-1,Gardnerella swidsinskii,1,1B2,Mid Log
E5,4,B,0.049,Gv5-1,Gardnerella swidsinskii,1,1B2,Mid Log
F5,4,B,0.051,Gv5-1,Gardnerella swidsinskii,1,1B2,Mid Log
G5,4,B,0.051,Gv5-1,Gardnerella swidsinskii,1,1B2,Mid Log
H5,4,B,0.051,Gv5-1,Gardnerella swidsinskii,1,1B2,Mid Log
A6,5,A,0.22,C0179B4,Gardnerella sp. 7,1,1B2,Mid Log
B6,5,A,0.219,C0179B4,Gardnerella sp. 7,1,1B2,Mid Log
C6,5,A,0.214,C0179B4,Gardnerella sp. 7,1,1B2,Mid Log
D6,5,A,0.216,C0179B4,Gardnerella sp. 7,1,1B2,Mid Log
E6,5,B,0.209,C0179B4,Gardnerella sp. 7,1,1B2,Mid Log
F6,5,B,0.213,C0179B4,Gardnerella sp. 7,1,1B2,Mid Log
G6,5,B,0.215,C0179B4,Gardnerella sp. 7,1,1B2,Mid Log
H6,5,B,0.22,C0179B4,Gardnerella sp. 7,1,1B2,Mid Log
A7,6,A,0.091,JCP7275,Gardnerella sp. 2,1,1B2,Mid Log
B7,6,A,0.087,JCP7275,Gardnerella sp. 2,1,1B2,Mid Log
C7,6,A,0.096,JCP7275,Gardnerella sp. 2,1,1B2,Mid Log
D7,6,A,0.092,JCP7275,Gardnerella sp. 2,1,1B2,Mid Log
E7,6,B,0.09,JCP7275,Gardnerella sp. 2,1,1B2,Mid Log
F7,6,B,0.105,JCP7275,Gardnerella sp. 2,1,1B2,Mid Log
G7,6,B,0.109,JCP7275,Gardnerella sp. 2,1,1B2,Mid Log
H7,6,B,0.109,JCP7275,Gardnerella sp. 2,1,1B2,Mid Log
A8,7,A,0.079,JCP8108,Gardnerella sp. 2,1,1B2,Mid Log
B8,7,A,0.079,JCP8108,Gardnerella sp. 2,1,1B2,Mid Log
C8,7,A,0.085,JCP8108,Gardnerella sp. 2,1,1B2,Mid Log
D8,7,A,0.075,JCP8108,Gardnerella sp. 2,1,1B2,Mid Log
E8,7,B,0.082,JCP8108,Gardnerella sp. 2,1,1B2,Mid Log
F8,7,B,0.085,JCP8108,Gardnerella sp. 2,1,1B2,Mid Log
G8,7,B,0.087,JCP8108,Gardnerella sp. 2,1,1B2,Mid Log
H8,7,B,0.086,JCP8108,Gardnerella sp. 2,1,1B2,Mid Log
A12,Blank,NA,0.049,NA,NA,NA,1B2,Mid Log
B12,Blank,NA,0.048,NA,NA,NA,1B2,Mid Log
C12,Blank,NA,0.048,NA,NA,NA,1B2,Mid Log
D12,Blank,NA,0.048,NA,NA,NA,1B2,Mid Log
A2,8,A,0.291,C0093B3,Gardnerella piotii,3,3A1,Mid Log
B2,8,A,0.311,C0093B3,Gardnerella piotii,3,3A1,Mid Log
C2,8,A,0.298,C0093B3,Gardnerella piotii,3,3A1,Mid Log
D2,8,A,0.299,C0093B3,Gardnerella piotii,3,3A1,Mid Log
E2,8,B,0.293,C0093B3,Gardnerella piotii,3,3A1,Mid Log
F2,8,B,0.3,C0093B3,Gardnerella piotii,3,3A1,Mid Log
G2,8,B,0.294,C0093B3,Gardnerella piotii,3,3A1,Mid Log
H2,8,B,0.308,C0093B3,Gardnerella piotii,3,3A1,Mid Log
A3,9,A,0.252,C0084H9,Gardnerella sp. 2,3,3A1,Mid Log
B3,9,A,0.247,C0084H9,Gardnerella sp. 2,3,3A1,Mid Log
C3,9,A,0.251,C0084H9,Gardnerella sp. 2,3,3A1,Mid Log
D3,9,A,0.243,C0084H9,Gardnerella sp. 2,3,3A1,Mid Log
E3,9,B,0.232,C0084H9,Gardnerella sp. 2,3,3A1,Mid Log
F3,9,B,0.236,C0084H9,Gardnerella sp. 2,3,3A1,Mid Log
G3,9,B,0.227,C0084H9,Gardnerella sp. 2,3,3A1,Mid Log
H3,9,B,0.232,C0084H9,Gardnerella sp. 2,3,3A1,Mid Log
A4,10,A,0.285,C0101A1,Gardnerella sp. 11,3,3A1,Mid Log
B4,10,A,0.324,C0101A1,Gardnerella sp. 11,3,3A1,Mid Log
C4,10,A,0.333,C0101A1,Gardnerella sp. 11,3,3A1,Mid Log
D4,10,A,0.327,C0101A1,Gardnerella sp. 11,3,3A1,Mid Log
E4,10,B,0.16,C0101A1,Gardnerella sp. 11,3,3A1,Mid Log
F4,10,B,0.145,C0101A1,Gardnerella sp. 11,3,3A1,Mid Log
G4,10,B,0.146,C0101A1,Gardnerella sp. 11,3,3A1,Mid Log
H4,10,B,0.161,C0101A1,Gardnerella sp. 11,3,3A1,Mid Log
A5,11,A,0.126,UM35,Gardnerella piotii,3,3A1,Mid Log
B5,11,A,0.128,UM35,Gardnerella piotii,3,3A1,Mid Log
C5,11,A,0.127,UM35,Gardnerella piotii,3,3A1,Mid Log
D5,11,A,0.158,UM35,Gardnerella piotii,3,3A1,Mid Log
E5,11,B,0.088,UM35,Gardnerella piotii,3,3A1,Mid Log
F5,11,B,0.087,UM35,Gardnerella piotii,3,3A1,Mid Log
G5,11,B,0.086,UM35,Gardnerella piotii,3,3A1,Mid Log
H5,11,B,0.088,UM35,Gardnerella piotii,3,3A1,Mid Log
A12,Blank,NA,0.053,NA,NA,NA,3A1,Mid Log
B12,Blank,NA,0.05,NA,NA,NA,3A1,Mid Log
C12,Blank,NA,0.05,NA,NA,NA,3A1,Mid Log
D12,Blank,NA,0.049,NA,NA,NA,3A1,Mid Log
A1,1,A,0.2793,C0093B3,Gardnerella piotii,3,3A2,Mid Log
B1,1,A,0.2755,C0093B3,Gardnerella piotii,3,3A2,Mid Log
C1,1,A,0.2749,C0093B3,Gardnerella piotii,3,3A2,Mid Log
D1,1,A,0.2725,C0093B3,Gardnerella piotii,3,3A2,Mid Log
E1,1,B,0.2655,C0093B3,Gardnerella piotii,3,3A2,Mid Log
F1,1,B,0.2674,C0093B3,Gardnerella piotii,3,3A2,Mid Log
G1,1,B,0.2622,C0093B3,Gardnerella piotii,3,3A2,Mid Log
H1,1,B,0.2659,C0093B3,Gardnerella piotii,3,3A2,Mid Log
A2,2,A,0.2357,C0084H9,Gardnerella sp. 2,3,3A2,Mid Log
B2,2,A,0.2344,C0084H9,Gardnerella sp. 2,3,3A2,Mid Log
C2,2,A,0.2375,C0084H9,Gardnerella sp. 2,3,3A2,Mid Log
D2,2,A,0.2373,C0084H9,Gardnerella sp. 2,3,3A2,Mid Log
E2,2,B,0.3043,C0084H9,Gardnerella sp. 2,3,3A2,Mid Log
F2,2,B,0.2979,C0084H9,Gardnerella sp. 2,3,3A2,Mid Log
G2,2,B,0.2991,C0084H9,Gardnerella sp. 2,3,3A2,Mid Log
H2,2,B,0.2978,C0084H9,Gardnerella sp. 2,3,3A2,Mid Log
A3,3,A,0.4328,C0101A1,Gardnerella sp. 11,3,3A2,Mid Log
B3,3,A,0.442,C0101A1,Gardnerella sp. 11,3,3A2,Mid Log
C3,3,A,0.4271,C0101A1,Gardnerella sp. 11,3,3A2,Mid Log
D3,3,A,0.4265,C0101A1,Gardnerella sp. 11,3,3A2,Mid Log
E3,3,B,0.2581,C0101A1,Gardnerella sp. 11,3,3A2,Mid Log
F3,3,B,0.257,C0101A1,Gardnerella sp. 11,3,3A2,Mid Log
G3,3,B,0.2574,C0101A1,Gardnerella sp. 11,3,3A2,Mid Log
H3,3,B,0.2672,C0101A1,Gardnerella sp. 11,3,3A2,Mid Log
A4,4,A,0.0737,UM35,Gardnerella piotii,3,3A2,Mid Log
B4,4,A,0.0723,UM35,Gardnerella piotii,3,3A2,Mid Log
C4,4,A,0.0735,UM35,Gardnerella piotii,3,3A2,Mid Log
D4,4,A,0.0713,UM35,Gardnerella piotii,3,3A2,Mid Log
E4,4,B,0.0705,UM35,Gardnerella piotii,3,3A2,Mid Log
F4,4,B,0.0744,UM35,Gardnerella piotii,3,3A2,Mid Log
G4,4,B,0.0707,UM35,Gardnerella piotii,3,3A2,Mid Log
H4,4,B,0.0699,UM35,Gardnerella piotii,3,3A2,Mid Log
A12,Blank,NA,0.0519,NA,NA,NA,3A2,Mid Log
B12,Blank,NA,0.0515,NA,NA,NA,3A2,Mid Log
C12,Blank,NA,0.0516,NA,NA,NA,3A2,Mid Log
D12,Blank,NA,0.0516,NA,NA,NA,3A2,Mid Log
A2,1,A,0.096,Gv5-1,Gardnerella swidsinskii,1,1AB3,Mid Log
B2,1,A,0.102,Gv5-1,Gardnerella swidsinskii,1,1AB3,Mid Log
C2,1,A,0.106,Gv5-1,Gardnerella swidsinskii,1,1AB3,Mid Log
D2,1,A,0.105,Gv5-1,Gardnerella swidsinskii,1,1AB3,Mid Log
E2,1,B,0.101,Gv5-1,Gardnerella swidsinskii,1,1AB3,Mid Log
F2,1,B,0.098,Gv5-1,Gardnerella swidsinskii,1,1AB3,Mid Log
G2,1,B,0.099,Gv5-1,Gardnerella swidsinskii,1,1AB3,Mid Log
H2,1,B,0.096,Gv5-1,Gardnerella swidsinskii,1,1AB3,Mid Log
A3,2,A,0.239,C0179B4,Gardnerella sp. 7,1,1AB3,Mid Log
B3,2,A,0.238,C0179B4,Gardnerella sp. 7,1,1AB3,Mid Log
C3,2,A,0.238,C0179B4,Gardnerella sp. 7,1,1AB3,Mid Log
D3,2,A,0.236,C0179B4,Gardnerella sp. 7,1,1AB3,Mid Log
E3,2,B,0.234,C0179B4,Gardnerella sp. 7,1,1AB3,Mid Log
F3,2,B,0.238,C0179B4,Gardnerella sp. 7,1,1AB3,Mid Log
G3,2,B,0.256,C0179B4,Gardnerella sp. 7,1,1AB3,Mid Log
H3,2,B,0.241,C0179B4,Gardnerella sp. 7,1,1AB3,Mid Log
A4,3,A,0.082,JCP7275,Gardnerella sp. 2,1,1AB3,Mid Log
B4,3,A,0.081,JCP7275,Gardnerella sp. 2,1,1AB3,Mid Log
C4,3,A,0.086,JCP7275,Gardnerella sp. 2,1,1AB3,Mid Log
D4,3,A,0.087,JCP7275,Gardnerella sp. 2,1,1AB3,Mid Log
E4,3,B,0.093,JCP7275,Gardnerella sp. 2,1,1AB3,Mid Log
F4,3,B,0.094,JCP7275,Gardnerella sp. 2,1,1AB3,Mid Log
G4,3,B,0.093,JCP7275,Gardnerella sp. 2,1,1AB3,Mid Log
H4,3,B,0.09,JCP7275,Gardnerella sp. 2,1,1AB3,Mid Log
A5,4,A,0.125,JCP8108,Gardnerella sp. 2,1,1AB3,Mid Log
B5,4,A,0.122,JCP8108,Gardnerella sp. 2,1,1AB3,Mid Log
C5,4,A,0.123,JCP8108,Gardnerella sp. 2,1,1AB3,Mid Log
D5,4,A,0.121,JCP8108,Gardnerella sp. 2,1,1AB3,Mid Log
E5,4,B,0.122,JCP8108,Gardnerella sp. 2,1,1AB3,Mid Log
F5,4,B,0.123,JCP8108,Gardnerella sp. 2,1,1AB3,Mid Log
G5,4,B,0.134,JCP8108,Gardnerella sp. 2,1,1AB3,Mid Log
H5,4,B,0.128,JCP8108,Gardnerella sp. 2,1,1AB3,Mid Log
A6,5,A,0.11,JCP8066,Gardnerella piotii,1,1AB3,Mid Log
B6,5,A,0.1,JCP8066,Gardnerella piotii,1,1AB3,Mid Log
C6,5,A,0.102,JCP8066,Gardnerella piotii,1,1AB3,Mid Log
D6,5,A,0.109,JCP8066,Gardnerella piotii,1,1AB3,Mid Log
E6,5,B,0.105,JCP8066,Gardnerella piotii,1,1AB3,Mid Log
F6,5,B,0.105,JCP8066,Gardnerella piotii,1,1AB3,Mid Log
G6,5,B,0.108,JCP8066,Gardnerella piotii,1,1AB3,Mid Log
H6,5,B,0.115,JCP8066,Gardnerella piotii,1,1AB3,Mid Log
A7,6,A,0.118,C0040C2,Gardnerella sp. 3,1,1AB3,Mid Log
B7,6,A,0.111,C0040C2,Gardnerella sp. 3,1,1AB3,Mid Log
C7,6,A,0.107,C0040C2,Gardnerella sp. 3,1,1AB3,Mid Log
D7,6,A,0.112,C0040C2,Gardnerella sp. 3,1,1AB3,Mid Log
E7,6,B,0.119,C0040C2,Gardnerella sp. 3,1,1AB3,Mid Log
F7,6,B,0.12,C0040C2,Gardnerella sp. 3,1,1AB3,Mid Log
G7,6,B,0.13,C0040C2,Gardnerella sp. 3,1,1AB3,Mid Log
H7,6,B,0.139,C0040C2,Gardnerella sp. 3,1,1AB3,Mid Log
A8,7,A,0.062,C0100B2,Gardnerella sp. 10,1,1AB3,Mid Log
B8,7,A,0.06,C0100B2,Gardnerella sp. 10,1,1AB3,Mid Log
C8,7,A,0.061,C0100B2,Gardnerella sp. 10,1,1AB3,Mid Log
D8,7,A,0.064,C0100B2,Gardnerella sp. 10,1,1AB3,Mid Log
E8,7,B,0.07,C0100B2,Gardnerella sp. 10,1,1AB3,Mid Log
F8,7,B,0.074,C0100B2,Gardnerella sp. 10,1,1AB3,Mid Log
G8,7,B,0.075,C0100B2,Gardnerella sp. 10,1,1AB3,Mid Log
H8,7,B,0.074,C0100B2,Gardnerella sp. 10,1,1AB3,Mid Log
A9,8,A,0.137,C0102A2,Gardnerella swidsinskii,1,1AB3,Mid Log
B9,8,A,0.124,C0102A2,Gardnerella swidsinskii,1,1AB3,Mid Log
C9,8,A,0.126,C0102A2,Gardnerella swidsinskii,1,1AB3,Mid Log
D9,8,A,0.122,C0102A2,Gardnerella swidsinskii,1,1AB3,Mid Log
E9,8,B,0.113,C0102A2,Gardnerella swidsinskii,1,1AB3,Mid Log
F9,8,B,0.119,C0102A2,Gardnerella swidsinskii,1,1AB3,Mid Log
G9,8,B,0.128,C0102A2,Gardnerella swidsinskii,1,1AB3,Mid Log
H9,8,B,0.157,C0102A2,Gardnerella swidsinskii,1,1AB3,Mid Log
A12,Blank,NA,0.048,NA,NA,NA,1AB3,Mid Log
B12,Blank,NA,0.048,NA,NA,NA,1AB3,Mid Log
C12,Blank,NA,0.048,NA,NA,NA,1AB3,Mid Log
D12,Blank,NA,0.048,NA,NA,NA,1AB3,Mid Log
A2,1,A,0.126,JCP7275,Gardnerella sp. 2,1,1AB4,Mid Log
B2,1,A,0.122,JCP7275,Gardnerella sp. 2,1,1AB4,Mid Log
C2,1,A,0.121,JCP7275,Gardnerella sp. 2,1,1AB4,Mid Log
D2,1,A,0.118,JCP7275,Gardnerella sp. 2,1,1AB4,Mid Log
E2,1,B,0.063,JCP7275,Gardnerella sp. 2,1,1AB4,Mid Log
F2,1,B,0.064,JCP7275,Gardnerella sp. 2,1,1AB4,Mid Log
G2,1,B,0.066,JCP7275,Gardnerella sp. 2,1,1AB4,Mid Log
H2,1,B,0.068,JCP7275,Gardnerella sp. 2,1,1AB4,Mid Log
A3,2,A,0.119,JCP8108,Gardnerella sp. 2,1,1AB4,Mid Log
B3,2,A,0.113,JCP8108,Gardnerella sp. 2,1,1AB4,Mid Log
C3,2,A,0.116,JCP8108,Gardnerella sp. 2,1,1AB4,Mid Log
D3,2,A,0.113,JCP8108,Gardnerella sp. 2,1,1AB4,Mid Log
E3,2,B,0.109,JCP8108,Gardnerella sp. 2,1,1AB4,Mid Log
F3,2,B,0.119,JCP8108,Gardnerella sp. 2,1,1AB4,Mid Log
G3,2,B,0.12,JCP8108,Gardnerella sp. 2,1,1AB4,Mid Log
H3,2,B,0.125,JCP8108,Gardnerella sp. 2,1,1AB4,Mid Log
A4,3,A,0.145,C0100B2,Gardnerella sp. 10,1,1AB4,Mid Log
B4,3,A,0.118,C0100B2,Gardnerella sp. 10,1,1AB4,Mid Log
C4,3,A,0.129,C0100B2,Gardnerella sp. 10,1,1AB4,Mid Log
D4,3,A,0.129,C0100B2,Gardnerella sp. 10,1,1AB4,Mid Log
E4,3,B,0.128,C0100B2,Gardnerella sp. 10,1,1AB4,Mid Log
F4,3,B,0.14,C0100B2,Gardnerella sp. 10,1,1AB4,Mid Log
G4,3,B,0.142,C0100B2,Gardnerella sp. 10,1,1AB4,Mid Log
H4,3,B,0.142,C0100B2,Gardnerella sp. 10,1,1AB4,Mid Log
A12,Blank,NA,0.051,NA,NA,NA,1AB4,Mid Log
B12,Blank,NA,0.051,NA,NA,NA,1AB4,Mid Log
C12,Blank,NA,0.052,NA,NA,NA,1AB4,Mid Log
D12,Blank,NA,0.051,NA,NA,NA,1AB4,Mid Log
A5,4,A,0.08,C0096A1,Gardnerella leopoldii,2,2A3,Mid Log
B5,4,A,0.078,C0096A1,Gardnerella leopoldii,2,2A3,Mid Log
C5,4,A,0.081,C0096A1,Gardnerella leopoldii,2,2A3,Mid Log
D5,4,A,0.074,C0096A1,Gardnerella leopoldii,2,2A3,Mid Log
E5,4,B,0.141,C0096A1,Gardnerella leopoldii,2,2A3,Mid Log
F5,4,B,0.144,C0096A1,Gardnerella leopoldii,2,2A3,Mid Log
G5,4,B,0.158,C0096A1,Gardnerella leopoldii,2,2A3,Mid Log
H5,4,B,0.161,C0096A1,Gardnerella leopoldii,2,2A3,Mid Log
A6,5,A,0.145,CMW7778B,Gardnerella sp. 12,2,2A3,Mid Log
B6,5,A,0.15,CMW7778B,Gardnerella sp. 12,2,2A3,Mid Log
C6,5,A,0.146,CMW7778B,Gardnerella sp. 12,2,2A3,Mid Log
D6,5,A,0.128,CMW7778B,Gardnerella sp. 12,2,2A3,Mid Log
E6,5,B,0.186,CMW7778B,Gardnerella sp. 12,2,2A3,Mid Log
F6,5,B,0.193,CMW7778B,Gardnerella sp. 12,2,2A3,Mid Log
G6,5,B,0.227,CMW7778B,Gardnerella sp. 12,2,2A3,Mid Log
H6,5,B,0.26,CMW7778B,Gardnerella sp. 12,2,2A3,Mid Log
A7,6,A,0.104,CMW7778B,Gardnerella sp. 12,2,2A3,Mid Log
B7,6,A,0.107,CMW7778B,Gardnerella sp. 12,2,2A3,Mid Log
C7,6,A,0.108,CMW7778B,Gardnerella sp. 12,2,2A3,Mid Log
D7,6,A,0.103,CMW7778B,Gardnerella sp. 12,2,2A3,Mid Log
E7,6,B,0.116,CMW7778B,Gardnerella sp. 12,2,2A3,Mid Log
F7,6,B,0.122,CMW7778B,Gardnerella sp. 12,2,2A3,Mid Log
G7,6,B,0.124,CMW7778B,Gardnerella sp. 12,2,2A3,Mid Log
H7,6,B,0.134,CMW7778B,Gardnerella sp. 12,2,2A3,Mid Log
E12,Blank,NA,0.046,NA,NA,NA,2A3,Mid Log
F12,Blank,NA,0.05,NA,NA,NA,2A3,Mid Log
G12,Blank,NA,0.05,NA,NA,NA,2A3,Mid Log
H12,Blank,NA,0.05,NA,NA,NA,2A3,Mid Log
A2,1,A,0.127,UM35,Gardnerella piotii,3,3A3,Mid Log
B2,1,A,0.128,UM35,Gardnerella piotii,3,3A3,Mid Log
C2,1,A,0.132,UM35,Gardnerella piotii,3,3A3,Mid Log
D2,1,A,0.124,UM35,Gardnerella piotii,3,3A3,Mid Log
E2,1,B,0.09,UM35,Gardnerella piotii,3,3A3,Mid Log
F2,1,B,0.095,UM35,Gardnerella piotii,3,3A3,Mid Log
G2,1,B,0.14,UM35,Gardnerella piotii,3,3A3,Mid Log
H2,1,B,0.148,UM35,Gardnerella piotii,3,3A3,Mid Log
A3,2,A,0.144,UM35,Gardnerella piotii,3,3A3,Mid Log
B3,2,A,0.148,UM35,Gardnerella piotii,3,3A3,Mid Log
C3,2,A,0.145,UM35,Gardnerella piotii,3,3A3,Mid Log
D3,2,A,0.13,UM35,Gardnerella piotii,3,3A3,Mid Log
E3,2,B,0.09,UM35,Gardnerella piotii,3,3A3,Mid Log
F3,2,B,0.111,UM35,Gardnerella piotii,3,3A3,Mid Log
G3,2,B,0.096,UM35,Gardnerella piotii,3,3A3,Mid Log
H3,2,B,0.131,UM35,Gardnerella piotii,3,3A3,Mid Log
A4,3,A,0.306,C0084H9,Gardnerella sp. 2,3,3A3,Mid Log
B4,3,A,0.233,C0084H9,Gardnerella sp. 2,3,3A3,Mid Log
C4,3,A,0.246,C0084H9,Gardnerella sp. 2,3,3A3,Mid Log
D4,3,A,0.261,C0084H9,Gardnerella sp. 2,3,3A3,Mid Log
E4,3,B,0.449,C0084H9,Gardnerella sp. 2,3,3A3,Mid Log
F4,3,B,0.51,C0084H9,Gardnerella sp. 2,3,3A3,Mid Log
G4,3,B,0.499,C0084H9,Gardnerella sp. 2,3,3A3,Mid Log
H4,3,B,0.4,C0084H9,Gardnerella sp. 2,3,3A3,Mid Log
A5,4,A,0.375,C0093B3,Gardnerella piotii,3,3A3,Mid Log
B5,4,A,0.399,C0093B3,Gardnerella piotii,3,3A3,Mid Log
C5,4,A,0.376,C0093B3,Gardnerella piotii,3,3A3,Mid Log
D5,4,A,0.356,C0093B3,Gardnerella piotii,3,3A3,Mid Log
E5,4,B,0.385,C0093B3,Gardnerella piotii,3,3A3,Mid Log
F5,4,B,0.435,C0093B3,Gardnerella piotii,3,3A3,Mid Log
G5,4,B,0.407,C0093B3,Gardnerella piotii,3,3A3,Mid Log
H5,4,B,0.409,C0093B3,Gardnerella piotii,3,3A3,Mid Log
A11,Blank,NA,0.045,NA,NA,NA,3A3,Mid Log
B11,Blank,NA,0.045,NA,NA,NA,3A3,Mid Log
C11,Blank,NA,0.046,NA,NA,NA,3A3,Mid Log
D11,Blank,NA,0.047,NA,NA,NA,3A3,Mid Log
